,Iteration,Fitness,Time,State,Restarts,max_iters,current_restart
0,0,3.0,9.797499999963932e-05,"[1, 1, 1, 0, 1]",25,512,0
1,1,3.0,0.0003850019999998011,"[1, 1, 1, 0, 1]",25,512,0
2,2,3.0,0.03708619699999982,"[1, 1, 1, 0, 1]",25,512,0
3,4,3.0,0.041716584,"[1, 1, 1, 0, 1]",25,512,0
4,8,3.0,0.04630134499999983,"[1, 1, 1, 0, 1]",25,512,0
5,16,0.0,0.05093513099999969,"[0, 1, 1, 0, 1]",25,512,0
6,32,0.0,0.05589702199999991,"[0, 1, 1, 0, 1]",25,512,0
7,64,0.0,0.06172662600000001,"[0, 1, 1, 0, 1]",25,512,0
8,128,0.0,0.06914584000000001,"[0, 1, 1, 0, 1]",25,512,0
9,256,0.0,0.07948412399999993,"[0, 1, 1, 0, 1]",25,512,0
10,512,0.0,0.09867405299999987,"[0, 1, 1, 0, 1]",25,512,0
11,0,3.0,0.10642401299999982,"[1, 1, 1, 0, 1]",25,512,1
12,1,0.0,0.10666100499999986,"[0, 1, 1, 0, 1]",25,512,1
13,2,0.0,0.11328629899999987,"[0, 1, 1, 0, 1]",25,512,1
14,4,0.0,0.11965236399999979,"[0, 1, 1, 0, 1]",25,512,1
15,8,0.0,0.12594595099999983,"[0, 1, 1, 0, 1]",25,512,1
16,16,0.0,0.13225889599999974,"[0, 1, 1, 0, 1]",25,512,1
17,32,0.0,0.13908541399999974,"[0, 1, 1, 0, 1]",25,512,1
18,64,0.0,0.1466748189999998,"[0, 1, 1, 0, 1]",25,512,1
19,128,0.0,0.15640164700000003,"[0, 1, 1, 0, 1]",25,512,1
20,256,0.0,0.17260070999999977,"[0, 1, 1, 0, 1]",25,512,1
21,512,0.0,0.19966504699999987,"[0, 1, 1, 0, 1]",25,512,1
22,0,3.0,0.20891362299999994,"[1, 1, 0, 0, 0]",25,512,2
23,1,2.0,0.20917225199999967,"[1, 1, 0, 1, 0]",25,512,2
24,2,2.0,0.21806338499999978,"[1, 1, 0, 1, 0]",25,512,2
25,4,2.0,0.2269931129999998,"[1, 1, 0, 1, 0]",25,512,2
26,8,0.0,0.23596483599999996,"[1, 0, 0, 1, 0]",25,512,2
27,16,0.0,0.2455488769999996,"[1, 0, 0, 1, 0]",25,512,2
28,32,0.0,0.2560414569999998,"[1, 0, 0, 1, 0]",25,512,2
29,64,0.0,0.26746500399999995,"[1, 0, 0, 1, 0]",25,512,2
30,128,0.0,0.2821374559999996,"[1, 0, 0, 1, 0]",25,512,2
31,256,0.0,0.30403717699999966,"[1, 0, 0, 1, 0]",25,512,2
32,512,0.0,0.3417149639999999,"[1, 0, 0, 1, 0]",25,512,2
33,0,4.0,0.3533624449999997,"[1, 0, 1, 1, 1]",25,512,3
34,1,3.0,0.35362427899999993,"[0, 0, 1, 1, 1]",25,512,3
35,2,3.0,0.36477539400000003,"[0, 0, 1, 1, 1]",25,512,3
36,4,3.0,0.3758789509999998,"[0, 0, 1, 1, 1]",25,512,3
37,8,2.0,0.388346367,"[0, 0, 1, 0, 1]",25,512,3
38,16,2.0,0.4003047849999999,"[0, 0, 1, 0, 1]",25,512,3
39,32,0.0,0.41318761299999984,"[0, 1, 1, 0, 1]",25,512,3
40,64,0.0,0.4293648489999997,"[0, 1, 1, 0, 1]",25,512,3
41,128,0.0,0.44947528299999995,"[0, 1, 1, 0, 1]",25,512,3
42,256,0.0,0.47696114399999967,"[0, 1, 1, 0, 1]",25,512,3
43,512,0.0,0.5244286109999998,"[0, 1, 1, 0, 1]",25,512,3
44,0,2.0,0.5382862529999999,"[0, 1, 1, 0, 0]",25,512,4
45,1,0.0,0.5385628159999998,"[0, 1, 1, 0, 1]",25,512,4
46,2,0.0,0.5519729449999997,"[0, 1, 1, 0, 1]",25,512,4
47,4,0.0,0.5668070959999998,"[0, 1, 1, 0, 1]",25,512,4
48,8,0.0,0.5818139979999999,"[0, 1, 1, 0, 1]",25,512,4
49,16,0.0,0.5968710609999999,"[0, 1, 1, 0, 1]",25,512,4
50,32,0.0,0.613489,"[0, 1, 1, 0, 1]",25,512,4
51,64,0.0,0.6313812409999997,"[0, 1, 1, 0, 1]",25,512,4
52,128,0.0,0.6543632399999999,"[0, 1, 1, 0, 1]",25,512,4
53,256,0.0,0.6885844519999997,"[0, 1, 1, 0, 1]",25,512,4
54,512,0.0,0.7485375079999996,"[0, 1, 1, 0, 1]",25,512,4
55,0,3.0,0.7686166549999998,"[0, 0, 1, 1, 0]",25,512,5
56,1,3.0,0.7689698789999997,"[0, 0, 1, 1, 0]",25,512,5
57,2,3.0,0.787246374,"[0, 0, 1, 1, 0]",25,512,5
58,4,3.0,0.806766133,"[0, 0, 1, 1, 0]",25,512,5
59,8,2.0,0.8270239799999999,"[1, 0, 1, 1, 0]",25,512,5
60,16,0.0,0.8463559429999998,"[1, 0, 0, 1, 0]",25,512,5
61,32,0.0,0.8680359069999999,"[1, 0, 0, 1, 0]",25,512,5
62,64,0.0,0.8911312309999997,"[1, 0, 0, 1, 0]",25,512,5
63,128,0.0,0.91903975,"[1, 0, 0, 1, 0]",25,512,5
64,256,0.0,0.9595829179999997,"[1, 0, 0, 1, 0]",25,512,5
65,512,0.0,1.026841846,"[1, 0, 0, 1, 0]",25,512,5
66,0,2.0,1.0459345839999998,"[0, 0, 1, 0, 1]",25,512,6
67,1,0.0,1.0462761859999996,"[0, 1, 1, 0, 1]",25,512,6
68,2,0.0,1.0652685469999996,"[0, 1, 1, 0, 1]",25,512,6
69,4,0.0,1.0837912639999998,"[0, 1, 1, 0, 1]",25,512,6
70,8,0.0,1.1028744209999997,"[0, 1, 1, 0, 1]",25,512,6
71,16,0.0,1.1232325559999996,"[0, 1, 1, 0, 1]",25,512,6
72,32,0.0,1.1449539299999998,"[0, 1, 1, 0, 1]",25,512,6
73,64,0.0,1.170044962,"[0, 1, 1, 0, 1]",25,512,6
74,128,0.0,1.204740969,"[0, 1, 1, 0, 1]",25,512,6
75,256,0.0,1.25325958,"[0, 1, 1, 0, 1]",25,512,6
76,512,0.0,1.331855595,"[0, 1, 1, 0, 1]",25,512,6
77,0,4.0,1.355452101,"[1, 1, 1, 1, 0]",25,512,7
78,1,2.0,1.3558798249999997,"[1, 0, 1, 1, 0]",25,512,7
79,2,0.0,1.3772103839999996,"[1, 0, 0, 1, 0]",25,512,7
80,4,0.0,1.3987490949999999,"[1, 0, 0, 1, 0]",25,512,7
81,8,0.0,1.4202785469999997,"[1, 0, 0, 1, 0]",25,512,7
82,16,0.0,1.4439481279999997,"[1, 0, 0, 1, 0]",25,512,7
83,32,0.0,1.4686660969999998,"[1, 0, 0, 1, 0]",25,512,7
84,64,0.0,1.4969213419999998,"[1, 0, 0, 1, 0]",25,512,7
85,128,0.0,1.53426954,"[1, 0, 0, 1, 0]",25,512,7
86,256,0.0,1.5862876469999998,"[1, 0, 0, 1, 0]",25,512,7
87,512,0.0,1.6706894859999997,"[1, 0, 0, 1, 0]",25,512,7
88,0,3.0,1.697404384,"[1, 0, 0, 0, 0]",25,512,8
89,1,3.0,1.697844424,"[1, 0, 0, 0, 0]",25,512,8
90,2,0.0,1.723542685,"[1, 0, 0, 1, 0]",25,512,8
91,4,0.0,1.7503983779999999,"[1, 0, 0, 1, 0]",25,512,8
92,8,0.0,1.7758013939999997,"[1, 0, 0, 1, 0]",25,512,8
93,16,0.0,1.8045643459999998,"[1, 0, 0, 1, 0]",25,512,8
94,32,0.0,1.8324869339999998,"[1, 0, 0, 1, 0]",25,512,8
95,64,0.0,1.8648268559999996,"[1, 0, 0, 1, 0]",25,512,8
96,128,0.0,1.906606847,"[1, 0, 0, 1, 0]",25,512,8
97,256,0.0,1.9663074629999997,"[1, 0, 0, 1, 0]",25,512,8
98,512,0.0,2.0640285279999997,"[1, 0, 0, 1, 0]",25,512,8
99,0,4.0,2.090199243,"[0, 1, 0, 0, 0]",25,512,9
100,1,4.0,2.0907269939999997,"[0, 1, 0, 0, 0]",25,512,9
101,2,4.0,2.1173533339999997,"[0, 1, 0, 0, 0]",25,512,9
102,4,2.0,2.143801367,"[1, 1, 0, 1, 0]",25,512,9
103,8,0.0,2.170717207,"[1, 0, 0, 1, 0]",25,512,9
104,16,0.0,2.201684944,"[1, 0, 0, 1, 0]",25,512,9
105,32,0.0,2.2337433549999997,"[1, 0, 0, 1, 0]",25,512,9
106,64,0.0,2.273504407,"[1, 0, 0, 1, 0]",25,512,9
107,128,0.0,2.3196564879999997,"[1, 0, 0, 1, 0]",25,512,9
108,256,0.0,2.38566945,"[1, 0, 0, 1, 0]",25,512,9
109,512,0.0,2.496586271,"[1, 0, 0, 1, 0]",25,512,9
110,0,0.0,2.526549491,"[0, 1, 1, 0, 1]",25,512,10
111,1,0.0,2.527041035,"[0, 1, 1, 0, 1]",25,512,10
112,2,0.0,2.5584578899999997,"[0, 1, 1, 0, 1]",25,512,10
113,4,0.0,2.588280694,"[0, 1, 1, 0, 1]",25,512,10
114,8,0.0,2.6185086159999997,"[0, 1, 1, 0, 1]",25,512,10
115,16,0.0,2.6507685619999997,"[0, 1, 1, 0, 1]",25,512,10
116,32,0.0,2.68582216,"[0, 1, 1, 0, 1]",25,512,10
117,64,0.0,2.730189865,"[0, 1, 1, 0, 1]",25,512,10
118,128,0.0,2.782558464,"[0, 1, 1, 0, 1]",25,512,10
119,256,0.0,2.859024891,"[0, 1, 1, 0, 1]",25,512,10
120,512,0.0,2.9794730969999996,"[0, 1, 1, 0, 1]",25,512,10
121,0,3.0,3.0111838449999997,"[1, 1, 0, 0, 0]",25,512,11
122,1,2.0,3.011732426,"[1, 1, 0, 1, 0]",25,512,11
123,2,2.0,3.0433597049999994,"[1, 1, 0, 1, 0]",25,512,11
124,4,2.0,3.0747844769999997,"[1, 1, 0, 1, 0]",25,512,11
125,8,0.0,3.1065498729999996,"[1, 0, 0, 1, 0]",25,512,11
126,16,0.0,3.141325537,"[1, 0, 0, 1, 0]",25,512,11
127,32,0.0,3.1774503679999997,"[1, 0, 0, 1, 0]",25,512,11
128,64,0.0,3.222743487,"[1, 0, 0, 1, 0]",25,512,11
129,128,0.0,3.2792000749999994,"[1, 0, 0, 1, 0]",25,512,11
130,256,0.0,3.35973526,"[1, 0, 0, 1, 0]",25,512,11
131,512,0.0,3.4976962919999997,"[1, 0, 0, 1, 0]",25,512,11
132,0,3.0,3.5330284249999995,"[1, 0, 1, 0, 1]",25,512,12
133,1,3.0,3.533619012,"[1, 0, 1, 0, 1]",25,512,12
134,2,3.0,3.5695559379999997,"[1, 0, 1, 0, 1]",25,512,12
135,4,2.0,3.604045405,"[0, 0, 1, 0, 1]",25,512,12
136,8,0.0,3.6386860939999996,"[0, 1, 1, 0, 1]",25,512,12
137,16,0.0,3.6757149809999996,"[0, 1, 1, 0, 1]",25,512,12
138,32,0.0,3.7170710189999996,"[0, 1, 1, 0, 1]",25,512,12
139,64,0.0,3.7659072389999997,"[0, 1, 1, 0, 1]",25,512,12
140,128,0.0,3.8260357439999995,"[0, 1, 1, 0, 1]",25,512,12
141,256,0.0,3.9140692870000002,"[0, 1, 1, 0, 1]",25,512,12
142,512,0.0,4.059698965,"[0, 1, 1, 0, 1]",25,512,12
143,0,6.0,4.096791018999999,"[1, 1, 1, 1, 1]",25,512,13
144,1,3.0,4.097367353,"[0, 1, 1, 1, 1]",25,512,13
145,2,0.0,4.133618149,"[0, 1, 1, 0, 1]",25,512,13
146,4,0.0,4.1697919709999995,"[0, 1, 1, 0, 1]",25,512,13
147,8,0.0,4.207121968,"[0, 1, 1, 0, 1]",25,512,13
148,16,0.0,4.248920708,"[0, 1, 1, 0, 1]",25,512,13
149,32,0.0,4.293185458,"[0, 1, 1, 0, 1]",25,512,13
150,64,0.0,4.345000745,"[0, 1, 1, 0, 1]",25,512,13
151,128,0.0,4.410684689,"[0, 1, 1, 0, 1]",25,512,13
152,256,0.0,4.502333758,"[0, 1, 1, 0, 1]",25,512,13
153,512,0.0,4.649514871,"[0, 1, 1, 0, 1]",25,512,13
154,0,3.0,4.689698194,"[0, 1, 1, 1, 0]",25,512,14
155,1,3.0,4.690289266,"[0, 1, 1, 1, 0]",25,512,14
156,2,3.0,4.731446954,"[0, 1, 1, 1, 0]",25,512,14
157,4,3.0,4.773912445,"[0, 1, 1, 1, 0]",25,512,14
158,8,0.0,4.81474859,"[0, 1, 1, 0, 1]",25,512,14
159,16,0.0,4.8566780529999996,"[0, 1, 1, 0, 1]",25,512,14
160,32,0.0,4.902263228,"[0, 1, 1, 0, 1]",25,512,14
161,64,0.0,4.956104644,"[0, 1, 1, 0, 1]",25,512,14
162,128,0.0,5.0235276959999995,"[0, 1, 1, 0, 1]",25,512,14
163,256,0.0,5.120144311,"[0, 1, 1, 0, 1]",25,512,14
164,512,0.0,5.279846929,"[0, 1, 1, 0, 1]",25,512,14
165,0,2.0,5.322725118,"[1, 1, 0, 1, 0]",25,512,15
166,1,2.0,5.323384675,"[1, 1, 0, 1, 0]",25,512,15
167,2,0.0,5.366528638,"[1, 0, 0, 1, 0]",25,512,15
168,4,0.0,5.4110734449999995,"[1, 0, 0, 1, 0]",25,512,15
169,8,0.0,5.455328127,"[1, 0, 0, 1, 0]",25,512,15
170,16,0.0,5.505877232,"[1, 0, 0, 1, 0]",25,512,15
171,32,0.0,5.55522081,"[1, 0, 0, 1, 0]",25,512,15
172,64,0.0,5.616382778,"[1, 0, 0, 1, 0]",25,512,15
173,128,0.0,5.691924831,"[1, 0, 0, 1, 0]",25,512,15
174,256,0.0,5.804313023,"[1, 0, 0, 1, 0]",25,512,15
175,512,0.0,5.983209529,"[1, 0, 0, 1, 0]",25,512,15
176,0,3.0,6.0313047179999995,"[1, 0, 0, 0, 1]",25,512,16
177,1,2.0,6.032037257000001,"[1, 0, 0, 1, 1]",25,512,16
178,2,2.0,6.080959971,"[1, 0, 0, 1, 1]",25,512,16
179,4,2.0,6.130065127,"[1, 0, 0, 1, 1]",25,512,16
180,8,0.0,6.181861700000001,"[1, 0, 0, 1, 0]",25,512,16
181,16,0.0,6.233210395,"[1, 0, 0, 1, 0]",25,512,16
182,32,0.0,6.303317337999999,"[1, 0, 0, 1, 0]",25,512,16
183,64,0.0,6.365704179,"[1, 0, 0, 1, 0]",25,512,16
184,128,0.0,6.446743307,"[1, 0, 0, 1, 0]",25,512,16
185,256,0.0,6.577130478999999,"[1, 0, 0, 1, 0]",25,512,16
186,512,0.0,6.773017991,"[1, 0, 0, 1, 0]",25,512,16
187,0,6.0,6.825244312000001,"[0, 0, 0, 0, 0]",25,512,17
188,1,4.0,6.825945038,"[0, 0, 0, 0, 1]",25,512,17
189,2,3.0,6.881128211,"[1, 0, 0, 0, 1]",25,512,17
190,4,2.0,6.929772273999999,"[1, 0, 0, 1, 1]",25,512,17
191,8,0.0,6.979708017,"[1, 0, 0, 1, 0]",25,512,17
192,16,0.0,7.031599214,"[1, 0, 0, 1, 0]",25,512,17
193,32,0.0,7.0894558750000005,"[1, 0, 0, 1, 0]",25,512,17
194,64,0.0,7.156381538,"[1, 0, 0, 1, 0]",25,512,17
195,128,0.0,7.246580577,"[1, 0, 0, 1, 0]",25,512,17
196,256,0.0,7.371479691999999,"[1, 0, 0, 1, 0]",25,512,17
197,512,0.0,7.5924474019999995,"[1, 0, 0, 1, 0]",25,512,17
198,0,4.0,7.64415979,"[0, 0, 1, 0, 0]",25,512,18
199,1,4.0,7.645101344,"[0, 0, 1, 0, 0]",25,512,18
200,2,3.0,7.6973966140000005,"[1, 0, 1, 0, 0]",25,512,18
201,4,3.0,7.751576928,"[1, 0, 1, 0, 0]",25,512,18
202,8,3.0,7.810716308,"[1, 0, 1, 0, 0]",25,512,18
203,16,2.0,7.876541829999999,"[1, 0, 1, 1, 0]",25,512,18
204,32,0.0,7.942680341999999,"[1, 0, 0, 1, 0]",25,512,18
205,64,0.0,8.010077702,"[1, 0, 0, 1, 0]",25,512,18
206,128,0.0,8.100024248,"[1, 0, 0, 1, 0]",25,512,18
207,256,0.0,8.233632092,"[1, 0, 0, 1, 0]",25,512,18
208,512,0.0,8.451676797,"[1, 0, 0, 1, 0]",25,512,18
209,0,3.0,8.50435096,"[0, 1, 0, 1, 0]",25,512,19
210,1,3.0,8.505126227,"[0, 1, 0, 1, 0]",25,512,19
211,2,2.0,8.558956079,"[1, 1, 0, 1, 0]",25,512,19
212,4,2.0,8.614499476999999,"[1, 1, 0, 1, 0]",25,512,19
213,8,0.0,8.668055037,"[1, 0, 0, 1, 0]",25,512,19
214,16,0.0,8.728536985,"[1, 0, 0, 1, 0]",25,512,19
215,32,0.0,8.793277622,"[1, 0, 0, 1, 0]",25,512,19
216,64,0.0,8.865473322,"[1, 0, 0, 1, 0]",25,512,19
217,128,0.0,8.957711822,"[1, 0, 0, 1, 0]",25,512,19
218,256,0.0,9.098103155,"[1, 0, 0, 1, 0]",25,512,19
219,512,0.0,9.317122251999999,"[1, 0, 0, 1, 0]",25,512,19
220,0,6.0,9.373856846,"[0, 0, 0, 0, 0]",25,512,20
221,1,3.0,9.37467725,"[1, 0, 0, 0, 0]",25,512,20
222,2,3.0,9.431196489,"[1, 0, 0, 0, 0]",25,512,20
223,4,3.0,9.488677291,"[1, 0, 0, 0, 0]",25,512,20
224,8,3.0,9.544924813,"[1, 0, 0, 0, 0]",25,512,20
225,16,0.0,9.603569053,"[1, 0, 0, 1, 0]",25,512,20
226,32,0.0,9.66774396,"[1, 0, 0, 1, 0]",25,512,20
227,64,0.0,9.74368978,"[1, 0, 0, 1, 0]",25,512,20
228,128,0.0,9.840128286,"[1, 0, 0, 1, 0]",25,512,20
229,256,0.0,9.978619664,"[1, 0, 0, 1, 0]",25,512,20
230,512,0.0,10.201352568999999,"[1, 0, 0, 1, 0]",25,512,20
231,0,2.0,10.259862299,"[0, 1, 0, 0, 1]",25,512,21
232,1,0.0,10.26068689,"[0, 1, 1, 0, 1]",25,512,21
233,2,0.0,10.318190332,"[0, 1, 1, 0, 1]",25,512,21
234,4,0.0,10.375389916,"[0, 1, 1, 0, 1]",25,512,21
235,8,0.0,10.437556733,"[0, 1, 1, 0, 1]",25,512,21
236,16,0.0,10.500552004,"[0, 1, 1, 0, 1]",25,512,21
237,32,0.0,10.567784434,"[0, 1, 1, 0, 1]",25,512,21
238,64,0.0,10.647770702999999,"[0, 1, 1, 0, 1]",25,512,21
239,128,0.0,10.74860795,"[0, 1, 1, 0, 1]",25,512,21
240,256,0.0,10.893877934,"[0, 1, 1, 0, 1]",25,512,21
241,512,0.0,11.129781054,"[0, 1, 1, 0, 1]",25,512,21
242,0,2.0,11.190999791,"[0, 0, 1, 0, 1]",25,512,22
243,1,2.0,11.191870201,"[0, 0, 1, 0, 1]",25,512,22
244,2,2.0,11.254783238,"[0, 0, 1, 0, 1]",25,512,22
245,4,0.0,11.314976463,"[0, 1, 1, 0, 1]",25,512,22
246,8,0.0,11.375447459,"[0, 1, 1, 0, 1]",25,512,22
247,16,0.0,11.440684661,"[0, 1, 1, 0, 1]",25,512,22
248,32,0.0,11.511920704,"[0, 1, 1, 0, 1]",25,512,22
249,64,0.0,11.593296312,"[0, 1, 1, 0, 1]",25,512,22
250,128,0.0,11.69919738,"[0, 1, 1, 0, 1]",25,512,22
251,256,0.0,11.851345757,"[0, 1, 1, 0, 1]",25,512,22
252,512,0.0,12.108891941,"[0, 1, 1, 0, 1]",25,512,22
253,0,0.0,12.17072858,"[1, 0, 0, 1, 0]",25,512,23
254,1,0.0,12.171607703,"[1, 0, 0, 1, 0]",25,512,23
255,2,0.0,12.235954551999999,"[1, 0, 0, 1, 0]",25,512,23
256,4,0.0,12.299898785,"[1, 0, 0, 1, 0]",25,512,23
257,8,0.0,12.363553249,"[1, 0, 0, 1, 0]",25,512,23
258,16,0.0,12.432745623,"[1, 0, 0, 1, 0]",25,512,23
259,32,0.0,12.507756584,"[1, 0, 0, 1, 0]",25,512,23
260,64,0.0,12.59324606,"[1, 0, 0, 1, 0]",25,512,23
261,128,0.0,12.715184713,"[1, 0, 0, 1, 0]",25,512,23
262,256,0.0,12.871739867,"[1, 0, 0, 1, 0]",25,512,23
263,512,0.0,13.126573787,"[1, 0, 0, 1, 0]",25,512,23
264,0,3.0,13.192280114999999,"[0, 1, 0, 1, 1]",25,512,24
265,1,3.0,13.193222807,"[0, 1, 0, 1, 1]",25,512,24
266,2,3.0,13.261630396,"[0, 1, 0, 1, 1]",25,512,24
267,4,3.0,13.328343208,"[0, 1, 0, 1, 1]",25,512,24
268,8,3.0,13.39500002,"[0, 1, 0, 1, 1]",25,512,24
269,16,0.0,13.465360079,"[0, 1, 1, 0, 1]",25,512,24
270,32,0.0,13.541195026,"[0, 1, 1, 0, 1]",25,512,24
271,64,0.0,13.629280373,"[0, 1, 1, 0, 1]",25,512,24
272,128,0.0,13.742556065,"[0, 1, 1, 0, 1]",25,512,24
273,256,0.0,13.906969973999999,"[0, 1, 1, 0, 1]",25,512,24
274,512,0.0,14.168991803,"[0, 1, 1, 0, 1]",25,512,24
275,0,3.0,14.23656614,"[1, 0, 0, 0, 1]",25,512,25
276,1,2.0,14.237561941,"[1, 0, 0, 1, 1]",25,512,25
277,2,2.0,14.305764882999998,"[1, 0, 0, 1, 1]",25,512,25
278,4,2.0,14.372974483,"[1, 0, 0, 1, 1]",25,512,25
279,8,2.0,14.44783113,"[1, 0, 0, 1, 1]",25,512,25
280,16,0.0,14.520567437,"[1, 0, 0, 1, 0]",25,512,25
281,32,0.0,14.607848435000001,"[1, 0, 0, 1, 0]",25,512,25
282,64,0.0,14.724145692,"[1, 0, 0, 1, 0]",25,512,25
283,128,0.0,14.842836986999998,"[1, 0, 0, 1, 0]",25,512,25
284,256,0.0,15.014609324999999,"[1, 0, 0, 1, 0]",25,512,25
285,512,0.0,15.291308347000001,"[1, 0, 0, 1, 0]",25,512,25
286,0,4.0,4.9264999997689074e-05,"[0, 1, 0, 0, 0]",75,512,0
287,1,2.0,0.00022728300000096624,"[0, 1, 0, 0, 1]",75,512,0
288,2,2.0,0.07152598000000054,"[0, 1, 0, 0, 1]",75,512,0
289,4,2.0,0.1415594409999983,"[0, 1, 0, 0, 1]",75,512,0
290,8,2.0,0.21059802999999988,"[0, 1, 0, 0, 1]",75,512,0
291,16,0.0,0.27866810999999814,"[0, 1, 1, 0, 1]",75,512,0
292,32,0.0,0.34875853699999837,"[0, 1, 1, 0, 1]",75,512,0
293,64,0.0,0.42032237199999756,"[0, 1, 1, 0, 1]",75,512,0
294,128,0.0,0.49301666699999913,"[0, 1, 1, 0, 1]",75,512,0
295,256,0.0,0.5677549259999992,"[0, 1, 1, 0, 1]",75,512,0
296,512,0.0,0.6526171569999981,"[0, 1, 1, 0, 1]",75,512,0
297,0,3.0,0.7245523879999993,"[1, 0, 0, 0, 0]",75,512,1
298,1,3.0,0.7247704229999989,"[1, 0, 0, 0, 0]",75,512,1
299,2,0.0,0.7970124689999984,"[1, 0, 0, 1, 0]",75,512,1
300,4,0.0,0.8700445959999996,"[1, 0, 0, 1, 0]",75,512,1
301,8,0.0,0.9412840679999981,"[1, 0, 0, 1, 0]",75,512,1
302,16,0.0,1.0138482779999975,"[1, 0, 0, 1, 0]",75,512,1
303,32,0.0,1.0858380099999998,"[1, 0, 0, 1, 0]",75,512,1
304,64,0.0,1.1617244519999979,"[1, 0, 0, 1, 0]",75,512,1
305,128,0.0,1.2390690309999997,"[1, 0, 0, 1, 0]",75,512,1
306,256,0.0,1.3210222499999986,"[1, 0, 0, 1, 0]",75,512,1
307,512,0.0,1.416729845999999,"[1, 0, 0, 1, 0]",75,512,1
308,0,3.0,1.4932448019999995,"[1, 1, 0, 0, 0]",75,512,2
309,1,3.0,1.4935068529999995,"[1, 1, 0, 0, 0]",75,512,2
310,2,2.0,1.5678644569999989,"[1, 1, 0, 1, 0]",75,512,2
311,4,2.0,1.6507396599999993,"[1, 1, 0, 1, 0]",75,512,2
312,8,0.0,1.7272623439999997,"[1, 0, 0, 1, 0]",75,512,2
313,16,0.0,1.801818936,"[1, 0, 0, 1, 0]",75,512,2
314,32,0.0,1.8774718700000008,"[1, 0, 0, 1, 0]",75,512,2
315,64,0.0,1.9550486479999982,"[1, 0, 0, 1, 0]",75,512,2
316,128,0.0,2.0366974519999985,"[1, 0, 0, 1, 0]",75,512,2
317,256,0.0,2.126513499999998,"[1, 0, 0, 1, 0]",75,512,2
318,512,0.0,2.231133248999999,"[1, 0, 0, 1, 0]",75,512,2
319,0,3.0,2.3088260490000003,"[0, 1, 0, 1, 0]",75,512,3
320,1,3.0,2.3091146780000003,"[0, 1, 0, 1, 0]",75,512,3
321,2,3.0,2.387616242,"[0, 1, 0, 1, 0]",75,512,3
322,4,3.0,2.4650254179999997,"[0, 1, 0, 1, 0]",75,512,3
323,8,0.0,2.5421024129999985,"[1, 0, 0, 1, 0]",75,512,3
324,16,0.0,2.619560417999999,"[1, 0, 0, 1, 0]",75,512,3
325,32,0.0,2.697503159,"[1, 0, 0, 1, 0]",75,512,3
326,64,0.0,2.779620571999999,"[1, 0, 0, 1, 0]",75,512,3
327,128,0.0,2.865841517,"[1, 0, 0, 1, 0]",75,512,3
328,256,0.0,2.9606888679999983,"[1, 0, 0, 1, 0]",75,512,3
329,512,0.0,3.075435504999998,"[1, 0, 0, 1, 0]",75,512,3
330,0,3.0,3.157790757000001,"[0, 1, 1, 1, 1]",75,512,4
331,1,3.0,3.158107701999999,"[0, 1, 1, 1, 1]",75,512,4
332,2,0.0,3.238045519,"[0, 1, 1, 0, 1]",75,512,4
333,4,0.0,3.3146186590000006,"[0, 1, 1, 0, 1]",75,512,4
334,8,0.0,3.3977074300000005,"[0, 1, 1, 0, 1]",75,512,4
335,16,0.0,3.476096394999999,"[0, 1, 1, 0, 1]",75,512,4
336,32,0.0,3.555381466,"[0, 1, 1, 0, 1]",75,512,4
337,64,0.0,3.6393980779999993,"[0, 1, 1, 0, 1]",75,512,4
338,128,0.0,3.730558717000001,"[0, 1, 1, 0, 1]",75,512,4
339,256,0.0,3.8306874079999993,"[0, 1, 1, 0, 1]",75,512,4
340,512,0.0,3.958977989000001,"[0, 1, 1, 0, 1]",75,512,4
341,0,3.0,4.042496673999999,"[1, 0, 0, 0, 0]",75,512,5
342,1,0.0,4.042850096999999,"[1, 0, 0, 1, 0]",75,512,5
343,2,0.0,4.128050228999999,"[1, 0, 0, 1, 0]",75,512,5
344,4,0.0,4.209299138999999,"[1, 0, 0, 1, 0]",75,512,5
345,8,0.0,4.289787007999998,"[1, 0, 0, 1, 0]",75,512,5
346,16,0.0,4.372732415999998,"[1, 0, 0, 1, 0]",75,512,5
347,32,0.0,4.455357428999999,"[1, 0, 0, 1, 0]",75,512,5
348,64,0.0,4.541947862000001,"[1, 0, 0, 1, 0]",75,512,5
349,128,0.0,4.636246914000001,"[1, 0, 0, 1, 0]",75,512,5
350,256,0.0,4.743275842999999,"[1, 0, 0, 1, 0]",75,512,5
351,512,0.0,4.892241244000001,"[1, 0, 0, 1, 0]",75,512,5
352,0,3.0,4.980304674999999,"[0, 1, 1, 1, 1]",75,512,6
353,1,3.0,4.980683295999999,"[0, 1, 1, 1, 1]",75,512,6
354,2,3.0,5.067525634999999,"[0, 1, 1, 1, 1]",75,512,6
355,4,3.0,5.153726314,"[0, 1, 1, 1, 1]",75,512,6
356,8,3.0,5.2413097099999995,"[0, 1, 1, 1, 1]",75,512,6
357,16,0.0,5.327447355,"[0, 1, 1, 0, 1]",75,512,6
358,32,0.0,5.415828126000001,"[0, 1, 1, 0, 1]",75,512,6
359,64,0.0,5.508518442,"[0, 1, 1, 0, 1]",75,512,6
360,128,0.0,5.613315833999998,"[0, 1, 1, 0, 1]",75,512,6
361,256,0.0,5.731484330000001,"[0, 1, 1, 0, 1]",75,512,6
362,512,0.0,5.880433291999999,"[0, 1, 1, 0, 1]",75,512,6
363,0,3.0,5.971330636999998,"[0, 1, 1, 1, 0]",75,512,7
364,1,3.0,5.971762533,"[0, 1, 1, 1, 0]",75,512,7
365,2,3.0,6.064027064999998,"[0, 1, 1, 1, 0]",75,512,7
366,4,3.0,6.15279851,"[0, 1, 1, 1, 0]",75,512,7
367,8,3.0,6.242236833,"[0, 1, 1, 1, 0]",75,512,7
368,16,3.0,6.332567459,"[0, 1, 1, 1, 0]",75,512,7
369,32,0.0,6.428319702,"[0, 1, 1, 0, 1]",75,512,7
370,64,0.0,6.536786837999998,"[0, 1, 1, 0, 1]",75,512,7
371,128,0.0,6.679450801999998,"[0, 1, 1, 0, 1]",75,512,7
372,256,0.0,6.834421713999998,"[0, 1, 1, 0, 1]",75,512,7
373,512,0.0,7.008030325,"[0, 1, 1, 0, 1]",75,512,7
374,0,3.0,7.118758005,"[1, 0, 1, 0, 1]",75,512,8
375,1,3.0,7.119230412,"[1, 0, 1, 0, 1]",75,512,8
376,2,3.0,7.217507037000001,"[1, 0, 1, 0, 1]",75,512,8
377,4,2.0,7.3088941389999995,"[0, 0, 1, 0, 1]",75,512,8
378,8,2.0,7.403069076999998,"[0, 0, 1, 0, 1]",75,512,8
379,16,0.0,7.499120869999999,"[0, 1, 1, 0, 1]",75,512,8
380,32,0.0,7.599269044,"[0, 1, 1, 0, 1]",75,512,8
381,64,0.0,7.700020069000001,"[0, 1, 1, 0, 1]",75,512,8
382,128,0.0,7.810504731999998,"[0, 1, 1, 0, 1]",75,512,8
383,256,0.0,7.936659978999998,"[0, 1, 1, 0, 1]",75,512,8
384,512,0.0,8.104100981999999,"[0, 1, 1, 0, 1]",75,512,8
385,0,0.0,8.19984453,"[0, 1, 1, 0, 1]",75,512,9
386,1,0.0,8.200310839,"[0, 1, 1, 0, 1]",75,512,9
387,2,0.0,8.302297912,"[0, 1, 1, 0, 1]",75,512,9
388,4,0.0,8.396832122,"[0, 1, 1, 0, 1]",75,512,9
389,8,0.0,8.491055964000001,"[0, 1, 1, 0, 1]",75,512,9
390,16,0.0,8.586706632999999,"[0, 1, 1, 0, 1]",75,512,9
391,32,0.0,8.685616452999998,"[0, 1, 1, 0, 1]",75,512,9
392,64,0.0,8.787345091999999,"[0, 1, 1, 0, 1]",75,512,9
393,128,0.0,8.900410395999998,"[0, 1, 1, 0, 1]",75,512,9
394,256,0.0,9.050641415999998,"[0, 1, 1, 0, 1]",75,512,9
395,512,0.0,9.227567771,"[0, 1, 1, 0, 1]",75,512,9
396,0,0.0,9.321682193000001,"[1, 0, 0, 1, 0]",75,512,10
397,1,0.0,9.322163963999998,"[1, 0, 0, 1, 0]",75,512,10
398,2,0.0,9.419766055,"[1, 0, 0, 1, 0]",75,512,10
399,4,0.0,9.516545018999999,"[1, 0, 0, 1, 0]",75,512,10
400,8,0.0,9.613812677999999,"[1, 0, 0, 1, 0]",75,512,10
401,16,0.0,9.712365081999998,"[1, 0, 0, 1, 0]",75,512,10
402,32,0.0,9.815713771999999,"[1, 0, 0, 1, 0]",75,512,10
403,64,0.0,9.925533565999999,"[1, 0, 0, 1, 0]",75,512,10
404,128,0.0,10.043054826999999,"[1, 0, 0, 1, 0]",75,512,10
405,256,0.0,10.184665331999998,"[1, 0, 0, 1, 0]",75,512,10
406,512,0.0,10.371896533999998,"[1, 0, 0, 1, 0]",75,512,10
407,0,4.0,10.475265158,"[1, 1, 0, 1, 1]",75,512,11
408,1,4.0,10.475981952999998,"[1, 1, 0, 1, 1]",75,512,11
409,2,2.0,10.577614668999999,"[1, 0, 0, 1, 1]",75,512,11
410,4,2.0,10.678357597999998,"[1, 0, 0, 1, 1]",75,512,11
411,8,0.0,10.779151126999999,"[1, 0, 0, 1, 0]",75,512,11
412,16,0.0,10.880054043999998,"[1, 0, 0, 1, 0]",75,512,11
413,32,0.0,10.984186753,"[1, 0, 0, 1, 0]",75,512,11
414,64,0.0,11.096200795999998,"[1, 0, 0, 1, 0]",75,512,11
415,128,0.0,11.220927544999999,"[1, 0, 0, 1, 0]",75,512,11
416,256,0.0,11.374095843,"[1, 0, 0, 1, 0]",75,512,11
417,512,0.0,11.569290144,"[1, 0, 0, 1, 0]",75,512,11
418,0,4.0,11.672523759,"[1, 0, 1, 1, 1]",75,512,12
419,1,4.0,11.673360143,"[1, 0, 1, 1, 1]",75,512,12
420,2,2.0,11.778236375999999,"[1, 0, 1, 1, 0]",75,512,12
421,4,2.0,11.880017489,"[1, 0, 1, 1, 0]",75,512,12
422,8,0.0,11.988846184,"[1, 0, 0, 1, 0]",75,512,12
423,16,0.0,12.094561077999998,"[1, 0, 0, 1, 0]",75,512,12
424,32,0.0,12.203579105,"[1, 0, 0, 1, 0]",75,512,12
425,64,0.0,12.334711268,"[1, 0, 0, 1, 0]",75,512,12
426,128,0.0,12.462219102999999,"[1, 0, 0, 1, 0]",75,512,12
427,256,0.0,12.618658133,"[1, 0, 0, 1, 0]",75,512,12
428,512,0.0,12.826085895999999,"[1, 0, 0, 1, 0]",75,512,12
429,0,3.0,12.930833953,"[0, 0, 1, 1, 0]",75,512,13
430,1,3.0,12.931506433,"[0, 0, 1, 1, 0]",75,512,13
431,2,2.0,13.041525341,"[1, 0, 1, 1, 0]",75,512,13
432,4,2.0,13.150693652000001,"[1, 0, 1, 1, 0]",75,512,13
433,8,0.0,13.259749642,"[1, 0, 0, 1, 0]",75,512,13
434,16,0.0,13.369659160999998,"[1, 0, 0, 1, 0]",75,512,13
435,32,0.0,13.482904054999999,"[1, 0, 0, 1, 0]",75,512,13
436,64,0.0,13.60160871,"[1, 0, 0, 1, 0]",75,512,13
437,128,0.0,13.73075312,"[1, 0, 0, 1, 0]",75,512,13
438,256,0.0,13.891553518999999,"[1, 0, 0, 1, 0]",75,512,13
439,512,0.0,14.127888831,"[1, 0, 0, 1, 0]",75,512,13
440,0,4.0,14.239207897,"[0, 0, 0, 0, 1]",75,512,14
441,1,2.0,14.239831113000001,"[0, 0, 1, 0, 1]",75,512,14
442,2,0.0,14.351577916,"[0, 1, 1, 0, 1]",75,512,14
443,4,0.0,14.462255502999998,"[0, 1, 1, 0, 1]",75,512,14
444,8,0.0,14.571404345000001,"[0, 1, 1, 0, 1]",75,512,14
445,16,0.0,14.684058552,"[0, 1, 1, 0, 1]",75,512,14
446,32,0.0,14.804332419000001,"[0, 1, 1, 0, 1]",75,512,14
447,64,0.0,14.928265051,"[0, 1, 1, 0, 1]",75,512,14
448,128,0.0,15.064876060999996,"[0, 1, 1, 0, 1]",75,512,14
449,256,0.0,15.232026444000002,"[0, 1, 1, 0, 1]",75,512,14
450,512,0.0,15.464953691999998,"[0, 1, 1, 0, 1]",75,512,14
451,0,3.0,15.574990449999998,"[0, 0, 1, 1, 1]",75,512,15
452,1,3.0,15.575672541999996,"[0, 0, 1, 1, 1]",75,512,15
453,2,3.0,15.688775306999997,"[0, 0, 1, 1, 1]",75,512,15
454,4,3.0,15.801520522,"[0, 0, 1, 1, 1]",75,512,15
455,8,3.0,15.913846400999997,"[0, 0, 1, 1, 1]",75,512,15
456,16,3.0,16.044802608999998,"[0, 0, 1, 1, 1]",75,512,15
457,32,0.0,16.169448909999996,"[0, 1, 1, 0, 1]",75,512,15
458,64,0.0,16.295101329,"[0, 1, 1, 0, 1]",75,512,15
459,128,0.0,16.434009950999997,"[0, 1, 1, 0, 1]",75,512,15
460,256,0.0,16.615060607999997,"[0, 1, 1, 0, 1]",75,512,15
461,512,0.0,16.852547393,"[0, 1, 1, 0, 1]",75,512,15
462,0,3.0,16.964018137,"[1, 0, 1, 0, 1]",75,512,16
463,1,3.0,16.964705794,"[1, 0, 1, 0, 1]",75,512,16
464,2,3.0,17.079606969999997,"[1, 0, 1, 0, 1]",75,512,16
465,4,3.0,17.192405591999997,"[1, 0, 1, 0, 1]",75,512,16
466,8,3.0,17.318450737000003,"[1, 0, 1, 0, 1]",75,512,16
467,16,2.0,17.436181907,"[0, 0, 1, 0, 1]",75,512,16
468,32,0.0,17.554666873,"[0, 1, 1, 0, 1]",75,512,16
469,64,0.0,17.682056374000002,"[0, 1, 1, 0, 1]",75,512,16
470,128,0.0,17.827045631,"[0, 1, 1, 0, 1]",75,512,16
471,256,0.0,18.009026281999997,"[0, 1, 1, 0, 1]",75,512,16
472,512,0.0,18.257865606,"[0, 1, 1, 0, 1]",75,512,16
473,0,3.0,18.382191134,"[0, 1, 0, 1, 1]",75,512,17
474,1,3.0,18.383143823,"[0, 1, 0, 1, 1]",75,512,17
475,2,3.0,18.517787490999996,"[0, 1, 0, 1, 1]",75,512,17
476,4,3.0,18.649512415999997,"[0, 1, 0, 1, 1]",75,512,17
477,8,3.0,18.788731732,"[0, 1, 0, 1, 1]",75,512,17
478,16,2.0,18.908053540999997,"[0, 1, 0, 0, 1]",75,512,17
479,32,0.0,19.030074762,"[0, 1, 1, 0, 1]",75,512,17
480,64,0.0,19.163155225999997,"[0, 1, 1, 0, 1]",75,512,17
481,128,0.0,19.311966631,"[0, 1, 1, 0, 1]",75,512,17
482,256,0.0,19.496001945,"[0, 1, 1, 0, 1]",75,512,17
483,512,0.0,19.753447673999997,"[0, 1, 1, 0, 1]",75,512,17
484,0,4.0,19.870777721,"[0, 0, 0, 0, 1]",75,512,18
485,1,4.0,19.871600077999997,"[0, 0, 0, 0, 1]",75,512,18
486,2,2.0,19.988866413,"[0, 0, 1, 0, 1]",75,512,18
487,4,0.0,20.106851639000002,"[0, 1, 1, 0, 1]",75,512,18
488,8,0.0,20.227547268,"[0, 1, 1, 0, 1]",75,512,18
489,16,0.0,20.35346386,"[0, 1, 1, 0, 1]",75,512,18
490,32,0.0,20.482960443,"[0, 1, 1, 0, 1]",75,512,18
491,64,0.0,20.641679692999997,"[0, 1, 1, 0, 1]",75,512,18
492,128,0.0,20.797559336000003,"[0, 1, 1, 0, 1]",75,512,18
493,256,0.0,20.986657155,"[0, 1, 1, 0, 1]",75,512,18
494,512,0.0,21.253771374,"[0, 1, 1, 0, 1]",75,512,18
495,0,6.0,21.371432175,"[1, 1, 1, 1, 1]",75,512,19
496,1,4.0,21.372215719999996,"[1, 1, 1, 1, 0]",75,512,19
497,2,3.0,21.493846059000003,"[1, 1, 1, 0, 0]",75,512,19
498,4,2.0,21.618796839999998,"[0, 1, 1, 0, 0]",75,512,19
499,8,0.0,21.774390739,"[0, 1, 1, 0, 1]",75,512,19
500,16,0.0,21.906950345000002,"[0, 1, 1, 0, 1]",75,512,19
501,32,0.0,22.036908504,"[0, 1, 1, 0, 1]",75,512,19
502,64,0.0,22.174962412000003,"[0, 1, 1, 0, 1]",75,512,19
503,128,0.0,22.355712014999998,"[0, 1, 1, 0, 1]",75,512,19
504,256,0.0,22.562985041999998,"[0, 1, 1, 0, 1]",75,512,19
505,512,0.0,22.849630975999997,"[0, 1, 1, 0, 1]",75,512,19
506,0,4.0,22.97693061,"[1, 1, 1, 1, 0]",75,512,20
507,1,2.0,22.977757729999997,"[1, 0, 1, 1, 0]",75,512,20
508,2,2.0,23.1051117,"[1, 0, 1, 1, 0]",75,512,20
509,4,2.0,23.239909283,"[1, 0, 1, 1, 0]",75,512,20
510,8,0.0,23.387084331999997,"[1, 0, 0, 1, 0]",75,512,20
511,16,0.0,23.516428934999997,"[1, 0, 0, 1, 0]",75,512,20
512,32,0.0,23.649740615000002,"[1, 0, 0, 1, 0]",75,512,20
513,64,0.0,23.793804140000002,"[1, 0, 0, 1, 0]",75,512,20
514,128,0.0,23.963694557999997,"[1, 0, 0, 1, 0]",75,512,20
515,256,0.0,24.197300897999998,"[1, 0, 0, 1, 0]",75,512,20
516,512,0.0,24.500896799,"[1, 0, 0, 1, 0]",75,512,20
517,0,4.0,24.631924809,"[1, 0, 1, 1, 1]",75,512,21
518,1,2.0,24.632787019000002,"[1, 0, 0, 1, 1]",75,512,21
519,2,2.0,24.763096625999996,"[1, 0, 0, 1, 1]",75,512,21
520,4,2.0,24.892501168,"[1, 0, 0, 1, 1]",75,512,21
521,8,0.0,25.026772026999996,"[1, 0, 0, 1, 0]",75,512,21
522,16,0.0,25.157882927999996,"[1, 0, 0, 1, 0]",75,512,21
523,32,0.0,25.297635537999998,"[1, 0, 0, 1, 0]",75,512,21
524,64,0.0,25.446320758000002,"[1, 0, 0, 1, 0]",75,512,21
525,128,0.0,25.621766485,"[1, 0, 0, 1, 0]",75,512,21
526,256,0.0,25.863450969000002,"[1, 0, 0, 1, 0]",75,512,21
527,512,0.0,26.185511412,"[1, 0, 0, 1, 0]",75,512,21
528,0,4.0,26.317717898,"[0, 1, 0, 0, 0]",75,512,22
529,1,2.0,26.318681281999996,"[0, 1, 0, 0, 1]",75,512,22
530,2,2.0,26.452138469,"[0, 1, 0, 0, 1]",75,512,22
531,4,2.0,26.580968314999996,"[0, 1, 0, 0, 1]",75,512,22
532,8,0.0,26.714492781999997,"[0, 1, 1, 0, 1]",75,512,22
533,16,0.0,26.849755614,"[0, 1, 1, 0, 1]",75,512,22
534,32,0.0,26.991680252,"[0, 1, 1, 0, 1]",75,512,22
535,64,0.0,27.143484406000002,"[0, 1, 1, 0, 1]",75,512,22
536,128,0.0,27.315950089999998,"[0, 1, 1, 0, 1]",75,512,22
537,256,0.0,27.53934311,"[0, 1, 1, 0, 1]",75,512,22
538,512,0.0,27.85555286,"[0, 1, 1, 0, 1]",75,512,22
539,0,2.0,27.988279597,"[0, 0, 1, 0, 1]",75,512,23
540,1,2.0,27.989162448,"[0, 0, 1, 0, 1]",75,512,23
541,2,2.0,28.122019368,"[0, 0, 1, 0, 1]",75,512,23
542,4,2.0,28.255637758000002,"[0, 0, 1, 0, 1]",75,512,23
543,8,0.0,28.389633444999998,"[0, 1, 1, 0, 1]",75,512,23
544,16,0.0,28.525704381999997,"[0, 1, 1, 0, 1]",75,512,23
545,32,0.0,28.667969406,"[0, 1, 1, 0, 1]",75,512,23
546,64,0.0,28.823246393999998,"[0, 1, 1, 0, 1]",75,512,23
547,128,0.0,29.010104105999996,"[0, 1, 1, 0, 1]",75,512,23
548,256,0.0,29.244453928000002,"[0, 1, 1, 0, 1]",75,512,23
549,512,0.0,29.571524889,"[0, 1, 1, 0, 1]",75,512,23
550,0,2.0,29.705644541999998,"[1, 0, 1, 1, 0]",75,512,24
551,1,2.0,29.706691805000002,"[1, 0, 1, 1, 0]",75,512,24
552,2,2.0,29.845649972,"[1, 0, 1, 1, 0]",75,512,24
553,4,0.0,30.052212156999996,"[1, 0, 0, 1, 0]",75,512,24
554,8,0.0,30.216280876000003,"[1, 0, 0, 1, 0]",75,512,24
555,16,0.0,30.356964995000002,"[1, 0, 0, 1, 0]",75,512,24
556,32,0.0,30.523298391999997,"[1, 0, 0, 1, 0]",75,512,24
557,64,0.0,30.681014403000002,"[1, 0, 0, 1, 0]",75,512,24
558,128,0.0,30.867261292,"[1, 0, 0, 1, 0]",75,512,24
559,256,0.0,31.102142861999997,"[1, 0, 0, 1, 0]",75,512,24
560,512,0.0,31.443804511999996,"[1, 0, 0, 1, 0]",75,512,24
561,0,3.0,31.580381622,"[0, 0, 1, 1, 1]",75,512,25
562,1,3.0,31.581318681000003,"[0, 0, 1, 1, 1]",75,512,25
563,2,3.0,31.717554386999996,"[0, 0, 1, 1, 1]",75,512,25
564,4,3.0,31.856953696,"[0, 0, 1, 1, 1]",75,512,25
565,8,2.0,32.000345519999996,"[0, 0, 1, 0, 1]",75,512,25
566,16,0.0,32.147047683,"[0, 1, 1, 0, 1]",75,512,25
567,32,0.0,32.301252090999995,"[0, 1, 1, 0, 1]",75,512,25
568,64,0.0,32.468690845,"[0, 1, 1, 0, 1]",75,512,25
569,128,0.0,32.662098244000006,"[0, 1, 1, 0, 1]",75,512,25
570,256,0.0,32.904904422,"[0, 1, 1, 0, 1]",75,512,25
571,512,0.0,33.252048175,"[0, 1, 1, 0, 1]",75,512,25
572,0,3.0,33.39430432899999,"[0, 0, 1, 1, 1]",75,512,26
573,1,3.0,33.395294331,"[0, 0, 1, 1, 1]",75,512,26
574,2,3.0,33.539139539000004,"[0, 0, 1, 1, 1]",75,512,26
575,4,3.0,33.679020636999994,"[0, 0, 1, 1, 1]",75,512,26
576,8,2.0,33.87111200299999,"[0, 0, 1, 0, 1]",75,512,26
577,16,0.0,34.038355163000006,"[0, 1, 1, 0, 1]",75,512,26
578,32,0.0,34.193691809,"[0, 1, 1, 0, 1]",75,512,26
579,64,0.0,34.363258024000004,"[0, 1, 1, 0, 1]",75,512,26
580,128,0.0,34.559170388,"[0, 1, 1, 0, 1]",75,512,26
581,256,0.0,34.805209972,"[0, 1, 1, 0, 1]",75,512,26
582,512,0.0,35.179464743,"[0, 1, 1, 0, 1]",75,512,26
583,0,3.0,35.320414807999995,"[0, 1, 1, 1, 0]",75,512,27
584,1,3.0,35.321490092999994,"[0, 1, 1, 1, 0]",75,512,27
585,2,3.0,35.467687598,"[0, 1, 1, 1, 0]",75,512,27
586,4,2.0,35.613075120999994,"[0, 1, 1, 0, 0]",75,512,27
587,8,0.0,35.76116136899999,"[0, 1, 1, 0, 1]",75,512,27
588,16,0.0,35.938161531000006,"[0, 1, 1, 0, 1]",75,512,27
589,32,0.0,36.105667568,"[0, 1, 1, 0, 1]",75,512,27
590,64,0.0,36.279150486000006,"[0, 1, 1, 0, 1]",75,512,27
591,128,0.0,36.473952542999996,"[0, 1, 1, 0, 1]",75,512,27
592,256,0.0,36.72377933999999,"[0, 1, 1, 0, 1]",75,512,27
593,512,0.0,37.088752217999996,"[0, 1, 1, 0, 1]",75,512,27
594,0,3.0,37.231845299,"[1, 1, 1, 0, 0]",75,512,28
595,1,3.0,37.232924756,"[1, 1, 1, 0, 0]",75,512,28
596,2,2.0,37.37790278599999,"[0, 1, 1, 0, 0]",75,512,28
597,4,2.0,37.524093252,"[0, 1, 1, 0, 0]",75,512,28
598,8,2.0,37.670579278999995,"[0, 1, 1, 0, 0]",75,512,28
599,16,0.0,37.822110076,"[0, 1, 1, 0, 1]",75,512,28
600,32,0.0,37.980692424,"[0, 1, 1, 0, 1]",75,512,28
601,64,0.0,38.152414265000004,"[0, 1, 1, 0, 1]",75,512,28
602,128,0.0,38.35205062199999,"[0, 1, 1, 0, 1]",75,512,28
603,256,0.0,38.603626487,"[0, 1, 1, 0, 1]",75,512,28
604,512,0.0,38.978541482,"[0, 1, 1, 0, 1]",75,512,28
605,0,3.0,39.137954496999996,"[0, 0, 1, 1, 0]",75,512,29
606,1,3.0,39.139063917,"[0, 0, 1, 1, 0]",75,512,29
607,2,3.0,39.30609587399999,"[0, 0, 1, 1, 0]",75,512,29
608,4,3.0,39.478673958,"[0, 0, 1, 1, 0]",75,512,29
609,8,3.0,39.640112016,"[0, 0, 1, 1, 0]",75,512,29
610,16,2.0,39.798494116,"[1, 0, 1, 1, 0]",75,512,29
611,32,0.0,39.961658231,"[1, 0, 0, 1, 0]",75,512,29
612,64,0.0,40.139819763999995,"[1, 0, 0, 1, 0]",75,512,29
613,128,0.0,40.345144123,"[1, 0, 0, 1, 0]",75,512,29
614,256,0.0,40.614541896999995,"[1, 0, 0, 1, 0]",75,512,29
615,512,0.0,40.99499801499999,"[1, 0, 0, 1, 0]",75,512,29
616,0,4.0,41.14310411699999,"[0, 0, 1, 0, 0]",75,512,30
617,1,3.0,41.144196730999994,"[1, 0, 1, 0, 0]",75,512,30
618,2,3.0,41.295575017999994,"[1, 0, 1, 0, 0]",75,512,30
619,4,3.0,41.450474322000005,"[1, 0, 1, 0, 0]",75,512,30
620,8,3.0,41.615622681000005,"[1, 0, 1, 0, 0]",75,512,30
621,16,2.0,41.77416482699999,"[1, 0, 1, 1, 0]",75,512,30
622,32,0.0,41.940688460000004,"[1, 0, 0, 1, 0]",75,512,30
623,64,0.0,42.120623139,"[1, 0, 0, 1, 0]",75,512,30
624,128,0.0,42.334776174,"[1, 0, 0, 1, 0]",75,512,30
625,256,0.0,42.608452304,"[1, 0, 0, 1, 0]",75,512,30
626,512,0.0,42.998625571999995,"[1, 0, 0, 1, 0]",75,512,30
627,0,4.0,43.149060074000005,"[1, 0, 1, 1, 1]",75,512,31
628,1,3.0,43.150187305,"[0, 0, 1, 1, 1]",75,512,31
629,2,3.0,43.303684993000005,"[0, 0, 1, 1, 1]",75,512,31
630,4,3.0,43.458099684000004,"[0, 0, 1, 1, 1]",75,512,31
631,8,2.0,43.61467240899999,"[0, 0, 1, 0, 1]",75,512,31
632,16,0.0,43.777177988000005,"[0, 1, 1, 0, 1]",75,512,31
633,32,0.0,43.948148195,"[0, 1, 1, 0, 1]",75,512,31
634,64,0.0,44.133066695,"[0, 1, 1, 0, 1]",75,512,31
635,128,0.0,44.363952323999996,"[0, 1, 1, 0, 1]",75,512,31
636,256,0.0,44.641352786,"[0, 1, 1, 0, 1]",75,512,31
637,512,0.0,45.047602850000004,"[0, 1, 1, 0, 1]",75,512,31
638,0,2.0,45.20361724,"[0, 1, 1, 0, 0]",75,512,32
639,1,2.0,45.205069191999996,"[0, 1, 1, 0, 0]",75,512,32
640,2,2.0,45.363887093,"[0, 1, 1, 0, 0]",75,512,32
641,4,0.0,45.522201558999996,"[0, 1, 1, 0, 1]",75,512,32
642,8,0.0,45.681689676999994,"[0, 1, 1, 0, 1]",75,512,32
643,16,0.0,45.844895656999995,"[0, 1, 1, 0, 1]",75,512,32
644,32,0.0,46.017421892,"[0, 1, 1, 0, 1]",75,512,32
645,64,0.0,46.202803649,"[0, 1, 1, 0, 1]",75,512,32
646,128,0.0,46.422893535,"[0, 1, 1, 0, 1]",75,512,32
647,256,0.0,46.699220838,"[0, 1, 1, 0, 1]",75,512,32
648,512,0.0,47.12816717,"[0, 1, 1, 0, 1]",75,512,32
649,0,3.0,47.284724407,"[1, 0, 0, 0, 0]",75,512,33
650,1,3.0,47.285905435000004,"[1, 0, 0, 0, 0]",75,512,33
651,2,3.0,47.450433313000005,"[1, 0, 0, 0, 0]",75,512,33
652,4,3.0,47.612551713,"[1, 0, 0, 0, 0]",75,512,33
653,8,3.0,47.77375701300001,"[1, 0, 0, 0, 0]",75,512,33
654,16,0.0,47.93940345,"[1, 0, 0, 1, 0]",75,512,33
655,32,0.0,48.11303906100001,"[1, 0, 0, 1, 0]",75,512,33
656,64,0.0,48.322729521,"[1, 0, 0, 1, 0]",75,512,33
657,128,0.0,48.55437557900001,"[1, 0, 0, 1, 0]",75,512,33
658,256,0.0,48.870872293000005,"[1, 0, 0, 1, 0]",75,512,33
659,512,0.0,49.31671067400001,"[1, 0, 0, 1, 0]",75,512,33
660,0,3.0,49.508389234000006,"[0, 1, 1, 1, 1]",75,512,34
661,1,3.0,49.50998679200001,"[0, 1, 1, 1, 1]",75,512,34
662,2,3.0,49.688542833,"[0, 1, 1, 1, 1]",75,512,34
663,4,3.0,49.863333001,"[0, 1, 1, 1, 1]",75,512,34
664,8,0.0,50.055817582,"[0, 1, 1, 0, 1]",75,512,34
665,16,0.0,50.23153179100001,"[0, 1, 1, 0, 1]",75,512,34
666,32,0.0,50.42933891700001,"[0, 1, 1, 0, 1]",75,512,34
667,64,0.0,50.631871442000005,"[0, 1, 1, 0, 1]",75,512,34
668,128,0.0,50.868141893,"[0, 1, 1, 0, 1]",75,512,34
669,256,0.0,51.170672667000005,"[0, 1, 1, 0, 1]",75,512,34
670,512,0.0,51.639019385,"[0, 1, 1, 0, 1]",75,512,34
671,0,4.0,51.820162412,"[0, 0, 1, 0, 0]",75,512,35
672,1,2.0,51.821488271999996,"[0, 1, 1, 0, 0]",75,512,35
673,2,2.0,51.99796432800001,"[0, 1, 1, 0, 0]",75,512,35
674,4,2.0,52.168660208000006,"[0, 1, 1, 0, 0]",75,512,35
675,8,0.0,52.33713612300001,"[0, 1, 1, 0, 1]",75,512,35
676,16,0.0,52.511481039,"[0, 1, 1, 0, 1]",75,512,35
677,32,0.0,52.693013210000004,"[0, 1, 1, 0, 1]",75,512,35
678,64,0.0,52.89309031500001,"[0, 1, 1, 0, 1]",75,512,35
679,128,0.0,53.129443378000005,"[0, 1, 1, 0, 1]",75,512,35
680,256,0.0,53.438247741,"[0, 1, 1, 0, 1]",75,512,35
681,512,0.0,53.895089404000004,"[0, 1, 1, 0, 1]",75,512,35
682,0,3.0,54.067135874,"[1, 1, 0, 0, 0]",75,512,36
683,1,2.0,54.06862344700001,"[1, 1, 0, 1, 0]",75,512,36
684,2,0.0,54.250850072000006,"[1, 0, 0, 1, 0]",75,512,36
685,4,0.0,54.463697986,"[1, 0, 0, 1, 0]",75,512,36
686,8,0.0,54.685216317,"[1, 0, 0, 1, 0]",75,512,36
687,16,0.0,54.879255091000005,"[1, 0, 0, 1, 0]",75,512,36
688,32,0.0,55.108014876,"[1, 0, 0, 1, 0]",75,512,36
689,64,0.0,55.30882387300001,"[1, 0, 0, 1, 0]",75,512,36
690,128,0.0,55.548158177000005,"[1, 0, 0, 1, 0]",75,512,36
691,256,0.0,55.873579245,"[1, 0, 0, 1, 0]",75,512,36
692,512,0.0,56.349180941,"[1, 0, 0, 1, 0]",75,512,36
693,0,4.0,56.532789146,"[0, 1, 0, 0, 0]",75,512,37
694,1,2.0,56.534173783,"[0, 1, 0, 0, 1]",75,512,37
695,2,2.0,56.709921667,"[0, 1, 0, 0, 1]",75,512,37
696,4,2.0,56.884828164,"[0, 1, 0, 0, 1]",75,512,37
697,8,2.0,57.066020519000006,"[0, 1, 0, 0, 1]",75,512,37
698,16,0.0,57.246707266,"[0, 1, 1, 0, 1]",75,512,37
699,32,0.0,57.435190393,"[0, 1, 1, 0, 1]",75,512,37
700,64,0.0,57.644093033000004,"[0, 1, 1, 0, 1]",75,512,37
701,128,0.0,57.88903865,"[0, 1, 1, 0, 1]",75,512,37
702,256,0.0,58.211346214,"[0, 1, 1, 0, 1]",75,512,37
703,512,0.0,58.68302038200001,"[0, 1, 1, 0, 1]",75,512,37
704,0,0.0,58.858567968,"[1, 0, 0, 1, 0]",75,512,38
705,1,0.0,58.860127793000004,"[1, 0, 0, 1, 0]",75,512,38
706,2,0.0,59.04943482600001,"[1, 0, 0, 1, 0]",75,512,38
707,4,0.0,59.221547461,"[1, 0, 0, 1, 0]",75,512,38
708,8,0.0,59.39549275900001,"[1, 0, 0, 1, 0]",75,512,38
709,16,0.0,59.578881835000004,"[1, 0, 0, 1, 0]",75,512,38
710,32,0.0,59.76709715,"[1, 0, 0, 1, 0]",75,512,38
711,64,0.0,59.975466258,"[1, 0, 0, 1, 0]",75,512,38
712,128,0.0,60.228751926,"[1, 0, 0, 1, 0]",75,512,38
713,256,0.0,60.55729886100001,"[1, 0, 0, 1, 0]",75,512,38
714,512,0.0,61.031792294,"[1, 0, 0, 1, 0]",75,512,38
715,0,2.0,61.20373809600001,"[1, 0, 0, 1, 1]",75,512,39
716,1,2.0,61.20513018,"[1, 0, 0, 1, 1]",75,512,39
717,2,2.0,61.376351051,"[1, 0, 0, 1, 1]",75,512,39
718,4,2.0,61.552077100000005,"[1, 0, 0, 1, 1]",75,512,39
719,8,2.0,61.732813684999996,"[1, 0, 0, 1, 1]",75,512,39
720,16,0.0,61.917883473,"[1, 0, 0, 1, 0]",75,512,39
721,32,0.0,62.108669285000005,"[1, 0, 0, 1, 0]",75,512,39
722,64,0.0,62.316655743,"[1, 0, 0, 1, 0]",75,512,39
723,128,0.0,62.569087558999996,"[1, 0, 0, 1, 0]",75,512,39
724,256,0.0,62.897041403,"[1, 0, 0, 1, 0]",75,512,39
725,512,0.0,63.378888075000006,"[1, 0, 0, 1, 0]",75,512,39
726,0,3.0,63.555913917,"[1, 1, 0, 0, 1]",75,512,40
727,1,3.0,63.55734048800001,"[1, 1, 0, 0, 1]",75,512,40
728,2,3.0,63.73343960700001,"[1, 1, 0, 0, 1]",75,512,40
729,4,2.0,63.91412668000001,"[0, 1, 0, 0, 1]",75,512,40
730,8,0.0,64.09483810900001,"[0, 1, 1, 0, 1]",75,512,40
731,16,0.0,64.276912585,"[0, 1, 1, 0, 1]",75,512,40
732,32,0.0,64.481765287,"[0, 1, 1, 0, 1]",75,512,40
733,64,0.0,64.700153047,"[0, 1, 1, 0, 1]",75,512,40
734,128,0.0,64.97043181800001,"[0, 1, 1, 0, 1]",75,512,40
735,256,0.0,65.32188787300001,"[0, 1, 1, 0, 1]",75,512,40
736,512,0.0,65.868329989,"[0, 1, 1, 0, 1]",75,512,40
737,0,3.0,66.050366908,"[0, 1, 1, 1, 0]",75,512,41
738,1,3.0,66.05184855,"[0, 1, 1, 1, 0]",75,512,41
739,2,3.0,66.233958095,"[0, 1, 1, 1, 0]",75,512,41
740,4,3.0,66.419861629,"[0, 1, 1, 1, 0]",75,512,41
741,8,2.0,66.60535048700001,"[0, 1, 1, 0, 0]",75,512,41
742,16,2.0,66.796408605,"[0, 1, 1, 0, 0]",75,512,41
743,32,0.0,67.000368992,"[0, 1, 1, 0, 1]",75,512,41
744,64,0.0,67.221776121,"[0, 1, 1, 0, 1]",75,512,41
745,128,0.0,67.482083219,"[0, 1, 1, 0, 1]",75,512,41
746,256,0.0,67.866018649,"[0, 1, 1, 0, 1]",75,512,41
747,512,0.0,68.37597756000001,"[0, 1, 1, 0, 1]",75,512,41
748,0,3.0,68.563658546,"[1, 1, 0, 0, 0]",75,512,42
749,1,3.0,68.56512854900001,"[1, 1, 0, 0, 0]",75,512,42
750,2,3.0,68.749613118,"[1, 1, 0, 0, 0]",75,512,42
751,4,2.0,68.935143197,"[1, 1, 0, 1, 0]",75,512,42
752,8,0.0,69.12129561900001,"[1, 0, 0, 1, 0]",75,512,42
753,16,0.0,69.313979841,"[1, 0, 0, 1, 0]",75,512,42
754,32,0.0,69.518236602,"[1, 0, 0, 1, 0]",75,512,42
755,64,0.0,69.744264016,"[1, 0, 0, 1, 0]",75,512,42
756,128,0.0,70.017336544,"[1, 0, 0, 1, 0]",75,512,42
757,256,0.0,70.367945955,"[1, 0, 0, 1, 0]",75,512,42
758,512,0.0,70.88783673100001,"[1, 0, 0, 1, 0]",75,512,42
759,0,4.0,71.072469666,"[0, 1, 0, 0, 0]",75,512,43
760,1,3.0,71.074008021,"[1, 1, 0, 0, 0]",75,512,43
761,2,3.0,71.25735828500001,"[1, 1, 0, 0, 0]",75,512,43
762,4,3.0,71.44421406800001,"[1, 1, 0, 0, 0]",75,512,43
763,8,3.0,71.636864496,"[1, 1, 0, 0, 0]",75,512,43
764,16,0.0,71.832269683,"[1, 0, 0, 1, 0]",75,512,43
765,32,0.0,72.041552509,"[1, 0, 0, 1, 0]",75,512,43
766,64,0.0,72.291717999,"[1, 0, 0, 1, 0]",75,512,43
767,128,0.0,72.567238755,"[1, 0, 0, 1, 0]",75,512,43
768,256,0.0,72.921589825,"[1, 0, 0, 1, 0]",75,512,43
769,512,0.0,73.449397973,"[1, 0, 0, 1, 0]",75,512,43
770,0,3.0,73.658724956,"[1, 0, 1, 0, 1]",75,512,44
771,1,3.0,73.660226701,"[1, 0, 1, 0, 1]",75,512,44
772,2,3.0,73.847017909,"[1, 0, 1, 0, 1]",75,512,44
773,4,2.0,74.034310244,"[0, 0, 1, 0, 1]",75,512,44
774,8,0.0,74.240268318,"[0, 1, 1, 0, 1]",75,512,44
775,16,0.0,74.439769547,"[0, 1, 1, 0, 1]",75,512,44
776,32,0.0,74.64560401600001,"[0, 1, 1, 0, 1]",75,512,44
777,64,0.0,74.882768028,"[0, 1, 1, 0, 1]",75,512,44
778,128,0.0,75.15621395000001,"[0, 1, 1, 0, 1]",75,512,44
779,256,0.0,75.511000505,"[0, 1, 1, 0, 1]",75,512,44
780,512,0.0,76.060436677,"[0, 1, 1, 0, 1]",75,512,44
781,0,2.0,76.252385657,"[0, 1, 0, 0, 1]",75,512,45
782,1,2.0,76.253973982,"[0, 1, 0, 0, 1]",75,512,45
783,2,2.0,76.442972862,"[0, 1, 0, 0, 1]",75,512,45
784,4,2.0,76.63139545,"[0, 1, 0, 0, 1]",75,512,45
785,8,0.0,76.823932207,"[0, 1, 1, 0, 1]",75,512,45
786,16,0.0,77.02251426400001,"[0, 1, 1, 0, 1]",75,512,45
787,32,0.0,77.232846771,"[0, 1, 1, 0, 1]",75,512,45
788,64,0.0,77.466603416,"[0, 1, 1, 0, 1]",75,512,45
789,128,0.0,77.743223457,"[0, 1, 1, 0, 1]",75,512,45
790,256,0.0,78.111289388,"[0, 1, 1, 0, 1]",75,512,45
791,512,0.0,78.660690491,"[0, 1, 1, 0, 1]",75,512,45
792,0,3.0,78.864170285,"[1, 0, 1, 0, 1]",75,512,46
793,1,3.0,78.866147533,"[1, 0, 1, 0, 1]",75,512,46
794,2,3.0,79.085498695,"[1, 0, 1, 0, 1]",75,512,46
795,4,3.0,79.28143173800001,"[1, 0, 1, 0, 1]",75,512,46
796,8,2.0,79.48431841600001,"[0, 0, 1, 0, 1]",75,512,46
797,16,2.0,79.691141613,"[0, 0, 1, 0, 1]",75,512,46
798,32,0.0,79.905498703,"[0, 1, 1, 0, 1]",75,512,46
799,64,0.0,80.140700391,"[0, 1, 1, 0, 1]",75,512,46
800,128,0.0,80.422380472,"[0, 1, 1, 0, 1]",75,512,46
801,256,0.0,80.79251335400001,"[0, 1, 1, 0, 1]",75,512,46
802,512,0.0,81.34605018500001,"[0, 1, 1, 0, 1]",75,512,46
803,0,3.0,81.538624438,"[1, 1, 0, 0, 0]",75,512,47
804,1,3.0,81.5402809,"[1, 1, 0, 0, 0]",75,512,47
805,2,3.0,81.734100326,"[1, 1, 0, 0, 0]",75,512,47
806,4,2.0,81.929841898,"[1, 1, 0, 1, 0]",75,512,47
807,8,2.0,82.131239111,"[1, 1, 0, 1, 0]",75,512,47
808,16,0.0,82.335120755,"[1, 0, 0, 1, 0]",75,512,47
809,32,0.0,82.560672456,"[1, 0, 0, 1, 0]",75,512,47
810,64,0.0,82.798313549,"[1, 0, 0, 1, 0]",75,512,47
811,128,0.0,83.08005448,"[1, 0, 0, 1, 0]",75,512,47
812,256,0.0,83.453992181,"[1, 0, 0, 1, 0]",75,512,47
813,512,0.0,84.01950285400001,"[1, 0, 0, 1, 0]",75,512,47
814,0,4.0,84.237526637,"[1, 0, 1, 1, 1]",75,512,48
815,1,2.0,84.23921004,"[1, 0, 0, 1, 1]",75,512,48
816,2,0.0,84.45359438,"[1, 0, 0, 1, 0]",75,512,48
817,4,0.0,84.674428842,"[1, 0, 0, 1, 0]",75,512,48
818,8,0.0,84.89282688200001,"[1, 0, 0, 1, 0]",75,512,48
819,16,0.0,85.099937567,"[1, 0, 0, 1, 0]",75,512,48
820,32,0.0,85.32183145500001,"[1, 0, 0, 1, 0]",75,512,48
821,64,0.0,85.560620726,"[1, 0, 0, 1, 0]",75,512,48
822,128,0.0,85.850166121,"[1, 0, 0, 1, 0]",75,512,48
823,256,0.0,86.23588865400001,"[1, 0, 0, 1, 0]",75,512,48
824,512,0.0,86.81094148700001,"[1, 0, 0, 1, 0]",75,512,48
825,0,3.0,87.01496682,"[1, 0, 0, 0, 0]",75,512,49
826,1,3.0,87.016685136,"[1, 0, 0, 0, 0]",75,512,49
827,2,3.0,87.2167542,"[1, 0, 0, 0, 0]",75,512,49
828,4,3.0,87.419497558,"[1, 0, 0, 0, 0]",75,512,49
829,8,3.0,87.620992237,"[1, 0, 0, 0, 0]",75,512,49
830,16,0.0,87.829713369,"[1, 0, 0, 1, 0]",75,512,49
831,32,0.0,88.051606668,"[1, 0, 0, 1, 0]",75,512,49
832,64,0.0,88.29677930700001,"[1, 0, 0, 1, 0]",75,512,49
833,128,0.0,88.58697111400001,"[1, 0, 0, 1, 0]",75,512,49
834,256,0.0,88.974334486,"[1, 0, 0, 1, 0]",75,512,49
835,512,0.0,89.558501543,"[1, 0, 0, 1, 0]",75,512,49
836,0,2.0,89.755478924,"[0, 0, 1, 0, 1]",75,512,50
837,1,2.0,89.757184627,"[0, 0, 1, 0, 1]",75,512,50
838,2,2.0,89.968363283,"[0, 0, 1, 0, 1]",75,512,50
839,4,2.0,90.18677935000001,"[0, 0, 1, 0, 1]",75,512,50
840,8,0.0,90.393591782,"[0, 1, 1, 0, 1]",75,512,50
841,16,0.0,90.613434031,"[0, 1, 1, 0, 1]",75,512,50
842,32,0.0,90.84066297700001,"[0, 1, 1, 0, 1]",75,512,50
843,64,0.0,91.091275808,"[0, 1, 1, 0, 1]",75,512,50
844,128,0.0,91.40902082000001,"[0, 1, 1, 0, 1]",75,512,50
845,256,0.0,91.804187909,"[0, 1, 1, 0, 1]",75,512,50
846,512,0.0,92.40073608600001,"[0, 1, 1, 0, 1]",75,512,50
847,0,3.0,92.607370712,"[1, 0, 0, 0, 0]",75,512,51
848,1,3.0,92.609569296,"[1, 0, 0, 0, 0]",75,512,51
849,2,0.0,92.816202178,"[1, 0, 0, 1, 0]",75,512,51
850,4,0.0,93.020786477,"[1, 0, 0, 1, 0]",75,512,51
851,8,0.0,93.229235475,"[1, 0, 0, 1, 0]",75,512,51
852,16,0.0,93.444118118,"[1, 0, 0, 1, 0]",75,512,51
853,32,0.0,93.66758283,"[1, 0, 0, 1, 0]",75,512,51
854,64,0.0,93.919574655,"[1, 0, 0, 1, 0]",75,512,51
855,128,0.0,94.21949989000001,"[1, 0, 0, 1, 0]",75,512,51
856,256,0.0,94.6201803,"[1, 0, 0, 1, 0]",75,512,51
857,512,0.0,95.287651585,"[1, 0, 0, 1, 0]",75,512,51
858,0,6.0,95.49144259100001,"[1, 1, 1, 1, 1]",75,512,52
859,1,4.0,95.49321499,"[1, 1, 0, 1, 1]",75,512,52
860,2,2.0,95.703902066,"[1, 0, 0, 1, 1]",75,512,52
861,4,0.0,95.91279723000001,"[1, 0, 0, 1, 0]",75,512,52
862,8,0.0,96.127737478,"[1, 0, 0, 1, 0]",75,512,52
863,16,0.0,96.34369279500001,"[1, 0, 0, 1, 0]",75,512,52
864,32,0.0,96.576808984,"[1, 0, 0, 1, 0]",75,512,52
865,64,0.0,96.837810804,"[1, 0, 0, 1, 0]",75,512,52
866,128,0.0,97.14553666100001,"[1, 0, 0, 1, 0]",75,512,52
867,256,0.0,97.569831941,"[1, 0, 0, 1, 0]",75,512,52
868,512,0.0,98.253560197,"[1, 0, 0, 1, 0]",75,512,52
869,0,3.0,98.464457806,"[0, 0, 1, 1, 1]",75,512,53
870,1,3.0,98.466213227,"[0, 0, 1, 1, 1]",75,512,53
871,2,3.0,98.674774764,"[0, 0, 1, 1, 1]",75,512,53
872,4,2.0,98.88692749100001,"[0, 0, 1, 0, 1]",75,512,53
873,8,0.0,99.10184874000001,"[0, 1, 1, 0, 1]",75,512,53
874,16,0.0,99.32460425800001,"[0, 1, 1, 0, 1]",75,512,53
875,32,0.0,99.55637377400001,"[0, 1, 1, 0, 1]",75,512,53
876,64,0.0,99.813143589,"[0, 1, 1, 0, 1]",75,512,53
877,128,0.0,100.168155244,"[0, 1, 1, 0, 1]",75,512,53
878,256,0.0,100.58711449,"[0, 1, 1, 0, 1]",75,512,53
879,512,0.0,101.21473156500001,"[0, 1, 1, 0, 1]",75,512,53
880,0,3.0,101.430057092,"[0, 1, 0, 1, 1]",75,512,54
881,1,3.0,101.431902432,"[0, 1, 0, 1, 1]",75,512,54
882,2,3.0,101.642846293,"[0, 1, 0, 1, 1]",75,512,54
883,4,3.0,101.855640726,"[0, 1, 0, 1, 1]",75,512,54
884,8,3.0,102.07566311000001,"[0, 1, 0, 1, 1]",75,512,54
885,16,2.0,102.30043457800001,"[0, 1, 0, 0, 1]",75,512,54
886,32,0.0,102.541475858,"[0, 1, 1, 0, 1]",75,512,54
887,64,0.0,102.810056902,"[0, 1, 1, 0, 1]",75,512,54
888,128,0.0,103.133207138,"[0, 1, 1, 0, 1]",75,512,54
889,256,0.0,103.55457630000001,"[0, 1, 1, 0, 1]",75,512,54
890,512,0.0,104.189948204,"[0, 1, 1, 0, 1]",75,512,54
891,0,3.0,104.404061423,"[1, 1, 0, 0, 1]",75,512,55
892,1,3.0,104.405948752,"[1, 1, 0, 0, 1]",75,512,55
893,2,3.0,104.61552154900001,"[1, 1, 0, 0, 1]",75,512,55
894,4,3.0,104.832183082,"[1, 1, 0, 0, 1]",75,512,55
895,8,3.0,105.051533037,"[1, 1, 0, 0, 1]",75,512,55
896,16,2.0,105.282372827,"[0, 1, 0, 0, 1]",75,512,55
897,32,0.0,105.536086185,"[0, 1, 1, 0, 1]",75,512,55
898,64,0.0,105.821187824,"[0, 1, 1, 0, 1]",75,512,55
899,128,0.0,106.142254706,"[0, 1, 1, 0, 1]",75,512,55
900,256,0.0,106.57170623,"[0, 1, 1, 0, 1]",75,512,55
901,512,0.0,107.239569692,"[0, 1, 1, 0, 1]",75,512,55
902,0,3.0,107.454772057,"[0, 1, 1, 1, 0]",75,512,56
903,1,3.0,107.456737817,"[0, 1, 1, 1, 0]",75,512,56
904,2,2.0,107.677673332,"[0, 1, 1, 0, 0]",75,512,56
905,4,2.0,107.898654891,"[0, 1, 1, 0, 0]",75,512,56
906,8,2.0,108.127978071,"[0, 1, 1, 0, 0]",75,512,56
907,16,0.0,108.35733270200001,"[0, 1, 1, 0, 1]",75,512,56
908,32,0.0,108.60588839100001,"[0, 1, 1, 0, 1]",75,512,56
909,64,0.0,108.877888573,"[0, 1, 1, 0, 1]",75,512,56
910,128,0.0,109.202003176,"[0, 1, 1, 0, 1]",75,512,56
911,256,0.0,109.632134492,"[0, 1, 1, 0, 1]",75,512,56
912,512,0.0,110.292844426,"[0, 1, 1, 0, 1]",75,512,56
913,0,4.0,110.511756014,"[1, 0, 1, 1, 1]",75,512,57
914,1,3.0,110.513662227,"[1, 0, 1, 0, 1]",75,512,57
915,2,3.0,110.730695688,"[1, 0, 1, 0, 1]",75,512,57
916,4,3.0,110.955491994,"[1, 0, 1, 0, 1]",75,512,57
917,8,3.0,111.18108440500001,"[1, 0, 1, 0, 1]",75,512,57
918,16,0.0,111.41552567,"[0, 1, 1, 0, 1]",75,512,57
919,32,0.0,111.659162262,"[0, 1, 1, 0, 1]",75,512,57
920,64,0.0,111.93710367899999,"[0, 1, 1, 0, 1]",75,512,57
921,128,0.0,112.26466098099999,"[0, 1, 1, 0, 1]",75,512,57
922,256,0.0,112.70810702700001,"[0, 1, 1, 0, 1]",75,512,57
923,512,0.0,113.375706278,"[0, 1, 1, 0, 1]",75,512,57
924,0,4.0,113.600684073,"[0, 1, 0, 0, 0]",75,512,58
925,1,2.0,113.602738593,"[0, 1, 1, 0, 0]",75,512,58
926,2,2.0,113.83094791600001,"[0, 1, 1, 0, 0]",75,512,58
927,4,2.0,114.05912030100001,"[0, 1, 1, 0, 0]",75,512,58
928,8,0.0,114.288267075,"[0, 1, 1, 0, 1]",75,512,58
929,16,0.0,114.52673715200001,"[0, 1, 1, 0, 1]",75,512,58
930,32,0.0,114.785460433,"[0, 1, 1, 0, 1]",75,512,58
931,64,0.0,115.063999422,"[0, 1, 1, 0, 1]",75,512,58
932,128,0.0,115.399928407,"[0, 1, 1, 0, 1]",75,512,58
933,256,0.0,115.84420065399999,"[0, 1, 1, 0, 1]",75,512,58
934,512,0.0,116.520516216,"[0, 1, 1, 0, 1]",75,512,58
935,0,3.0,116.78456777299999,"[0, 0, 0, 1, 1]",75,512,59
936,1,3.0,116.786794507,"[0, 0, 0, 1, 1]",75,512,59
937,2,3.0,117.013836881,"[0, 0, 0, 1, 1]",75,512,59
938,4,2.0,117.239026105,"[1, 0, 0, 1, 1]",75,512,59
939,8,0.0,117.46971975900001,"[1, 0, 0, 1, 0]",75,512,59
940,16,0.0,117.71075299099999,"[1, 0, 0, 1, 0]",75,512,59
941,32,0.0,117.964347653,"[1, 0, 0, 1, 0]",75,512,59
942,64,0.0,118.244267923,"[1, 0, 0, 1, 0]",75,512,59
943,128,0.0,118.58276999,"[1, 0, 0, 1, 0]",75,512,59
944,256,0.0,119.03940281199999,"[1, 0, 0, 1, 0]",75,512,59
945,512,0.0,119.716628052,"[1, 0, 0, 1, 0]",75,512,59
946,0,0.0,119.95963314,"[1, 0, 0, 1, 0]",75,512,60
947,1,0.0,119.96169380500001,"[1, 0, 0, 1, 0]",75,512,60
948,2,0.0,120.20980100599999,"[1, 0, 0, 1, 0]",75,512,60
949,4,0.0,120.458216669,"[1, 0, 0, 1, 0]",75,512,60
950,8,0.0,120.73536623000001,"[1, 0, 0, 1, 0]",75,512,60
951,16,0.0,120.97862943199999,"[1, 0, 0, 1, 0]",75,512,60
952,32,0.0,121.25732078300001,"[1, 0, 0, 1, 0]",75,512,60
953,64,0.0,121.536376343,"[1, 0, 0, 1, 0]",75,512,60
954,128,0.0,121.87704165,"[1, 0, 0, 1, 0]",75,512,60
955,256,0.0,122.333219087,"[1, 0, 0, 1, 0]",75,512,60
956,512,0.0,123.03038320900001,"[1, 0, 0, 1, 0]",75,512,60
957,0,3.0,123.253769165,"[0, 0, 1, 1, 0]",75,512,61
958,1,3.0,123.255765516,"[0, 0, 1, 1, 0]",75,512,61
959,2,3.0,123.48000264200002,"[0, 0, 1, 1, 0]",75,512,61
960,4,3.0,123.70673564700002,"[0, 0, 1, 1, 0]",75,512,61
961,8,3.0,123.938299572,"[0, 0, 1, 1, 0]",75,512,61
962,16,3.0,124.17614474199999,"[0, 0, 1, 1, 0]",75,512,61
963,32,0.0,124.431081441,"[1, 0, 0, 1, 0]",75,512,61
964,64,0.0,124.713404572,"[1, 0, 0, 1, 0]",75,512,61
965,128,0.0,125.068093334,"[1, 0, 0, 1, 0]",75,512,61
966,256,0.0,125.52894320600001,"[1, 0, 0, 1, 0]",75,512,61
967,512,0.0,126.23183682999999,"[1, 0, 0, 1, 0]",75,512,61
968,0,4.0,126.45997936399999,"[1, 1, 0, 1, 1]",75,512,62
969,1,3.0,126.462047928,"[1, 1, 0, 0, 1]",75,512,62
970,2,3.0,126.69081154400001,"[1, 1, 0, 0, 1]",75,512,62
971,4,2.0,126.93280148,"[0, 1, 0, 0, 1]",75,512,62
972,8,0.0,127.17861262900001,"[0, 1, 1, 0, 1]",75,512,62
973,16,0.0,127.42312756199999,"[0, 1, 1, 0, 1]",75,512,62
974,32,0.0,127.683941836,"[0, 1, 1, 0, 1]",75,512,62
975,64,0.0,127.98157399300001,"[0, 1, 1, 0, 1]",75,512,62
976,128,0.0,128.331791135,"[0, 1, 1, 0, 1]",75,512,62
977,256,0.0,128.809633052,"[0, 1, 1, 0, 1]",75,512,62
978,512,0.0,129.523797816,"[0, 1, 1, 0, 1]",75,512,62
979,0,3.0,129.765316149,"[0, 0, 1, 1, 1]",75,512,63
980,1,2.0,129.767464092,"[0, 0, 1, 0, 1]",75,512,63
981,2,2.0,129.998137416,"[0, 0, 1, 0, 1]",75,512,63
982,4,2.0,130.231362114,"[0, 0, 1, 0, 1]",75,512,63
983,8,0.0,130.469822592,"[0, 1, 1, 0, 1]",75,512,63
984,16,0.0,130.715412792,"[0, 1, 1, 0, 1]",75,512,63
985,32,0.0,130.976071379,"[0, 1, 1, 0, 1]",75,512,63
986,64,0.0,131.27155634300001,"[0, 1, 1, 0, 1]",75,512,63
987,128,0.0,131.621895209,"[0, 1, 1, 0, 1]",75,512,63
988,256,0.0,132.141304015,"[0, 1, 1, 0, 1]",75,512,63
989,512,0.0,132.881483654,"[0, 1, 1, 0, 1]",75,512,63
990,0,2.0,133.123803339,"[0, 0, 1, 0, 1]",75,512,64
991,1,2.0,133.126029975,"[0, 0, 1, 0, 1]",75,512,64
992,2,2.0,133.37230620100001,"[0, 0, 1, 0, 1]",75,512,64
993,4,2.0,133.609016325,"[0, 0, 1, 0, 1]",75,512,64
994,8,2.0,133.84742027800002,"[0, 0, 1, 0, 1]",75,512,64
995,16,0.0,134.093956985,"[0, 1, 1, 0, 1]",75,512,64
996,32,0.0,134.361553784,"[0, 1, 1, 0, 1]",75,512,64
997,64,0.0,134.650492226,"[0, 1, 1, 0, 1]",75,512,64
998,128,0.0,135.006899989,"[0, 1, 1, 0, 1]",75,512,64
999,256,0.0,135.490548714,"[0, 1, 1, 0, 1]",75,512,64
1000,512,0.0,136.223779453,"[0, 1, 1, 0, 1]",75,512,64
1001,0,3.0,136.481739104,"[0, 1, 0, 1, 1]",75,512,65
1002,1,2.0,136.483894349,"[0, 1, 0, 0, 1]",75,512,65
1003,2,0.0,136.737513675,"[0, 1, 1, 0, 1]",75,512,65
1004,4,0.0,136.995543221,"[0, 1, 1, 0, 1]",75,512,65
1005,8,0.0,137.236969686,"[0, 1, 1, 0, 1]",75,512,65
1006,16,0.0,137.486282211,"[0, 1, 1, 0, 1]",75,512,65
1007,32,0.0,137.74992766,"[0, 1, 1, 0, 1]",75,512,65
1008,64,0.0,138.050748537,"[0, 1, 1, 0, 1]",75,512,65
1009,128,0.0,138.423292262,"[0, 1, 1, 0, 1]",75,512,65
1010,256,0.0,138.922132052,"[0, 1, 1, 0, 1]",75,512,65
1011,512,0.0,139.690141777,"[0, 1, 1, 0, 1]",75,512,65
1012,0,2.0,139.927836869,"[1, 0, 0, 1, 1]",75,512,66
1013,1,0.0,139.930089469,"[1, 0, 0, 1, 0]",75,512,66
1014,2,0.0,140.17076599,"[1, 0, 0, 1, 0]",75,512,66
1015,4,0.0,140.411164305,"[1, 0, 0, 1, 0]",75,512,66
1016,8,0.0,140.65644535,"[1, 0, 0, 1, 0]",75,512,66
1017,16,0.0,140.91062012,"[1, 0, 0, 1, 0]",75,512,66
1018,32,0.0,141.181678689,"[1, 0, 0, 1, 0]",75,512,66
1019,64,0.0,141.481191623,"[1, 0, 0, 1, 0]",75,512,66
1020,128,0.0,141.846052839,"[1, 0, 0, 1, 0]",75,512,66
1021,256,0.0,142.339725204,"[1, 0, 0, 1, 0]",75,512,66
1022,512,0.0,143.105162108,"[1, 0, 0, 1, 0]",75,512,66
1023,0,2.0,143.34322963,"[1, 0, 1, 1, 0]",75,512,67
1024,1,2.0,143.345700468,"[1, 0, 1, 1, 0]",75,512,67
1025,2,2.0,143.585797933,"[1, 0, 1, 1, 0]",75,512,67
1026,4,2.0,143.83114159800002,"[1, 0, 1, 1, 0]",75,512,67
1027,8,2.0,144.080449257,"[1, 0, 1, 1, 0]",75,512,67
1028,16,0.0,144.34381273900001,"[1, 0, 0, 1, 0]",75,512,67
1029,32,0.0,144.625834265,"[1, 0, 0, 1, 0]",75,512,67
1030,64,0.0,144.940232204,"[1, 0, 0, 1, 0]",75,512,67
1031,128,0.0,145.368960542,"[1, 0, 0, 1, 0]",75,512,67
1032,256,0.0,145.880878792,"[1, 0, 0, 1, 0]",75,512,67
1033,512,0.0,146.64114008,"[1, 0, 0, 1, 0]",75,512,67
1034,0,3.0,146.88969475,"[1, 0, 0, 0, 0]",75,512,68
1035,1,3.0,146.892072577,"[1, 0, 0, 0, 0]",75,512,68
1036,2,0.0,147.141323903,"[1, 0, 0, 1, 0]",75,512,68
1037,4,0.0,147.391238183,"[1, 0, 0, 1, 0]",75,512,68
1038,8,0.0,147.643021648,"[1, 0, 0, 1, 0]",75,512,68
1039,16,0.0,147.903304789,"[1, 0, 0, 1, 0]",75,512,68
1040,32,0.0,148.179354327,"[1, 0, 0, 1, 0]",75,512,68
1041,64,0.0,148.485926305,"[1, 0, 0, 1, 0]",75,512,68
1042,128,0.0,148.862846099,"[1, 0, 0, 1, 0]",75,512,68
1043,256,0.0,149.369086289,"[1, 0, 0, 1, 0]",75,512,68
1044,512,0.0,150.149354798,"[1, 0, 0, 1, 0]",75,512,68
1045,0,4.0,150.396549123,"[0, 0, 0, 0, 1]",75,512,69
1046,1,2.0,150.398993866,"[0, 1, 0, 0, 1]",75,512,69
1047,2,2.0,150.651045036,"[0, 1, 0, 0, 1]",75,512,69
1048,4,2.0,150.900992562,"[0, 1, 0, 0, 1]",75,512,69
1049,8,0.0,151.163751706,"[0, 1, 1, 0, 1]",75,512,69
1050,16,0.0,151.424363977,"[0, 1, 1, 0, 1]",75,512,69
1051,32,0.0,151.70024984100002,"[0, 1, 1, 0, 1]",75,512,69
1052,64,0.0,152.012514135,"[0, 1, 1, 0, 1]",75,512,69
1053,128,0.0,152.392084012,"[0, 1, 1, 0, 1]",75,512,69
1054,256,0.0,152.922874318,"[0, 1, 1, 0, 1]",75,512,69
1055,512,0.0,153.707302393,"[0, 1, 1, 0, 1]",75,512,69
1056,0,2.0,153.955646378,"[0, 0, 1, 0, 1]",75,512,70
1057,1,2.0,153.957989729,"[0, 0, 1, 0, 1]",75,512,70
1058,2,2.0,154.207384327,"[0, 0, 1, 0, 1]",75,512,70
1059,4,2.0,154.459306747,"[0, 0, 1, 0, 1]",75,512,70
1060,8,0.0,154.712842276,"[0, 1, 1, 0, 1]",75,512,70
1061,16,0.0,155.017666166,"[0, 1, 1, 0, 1]",75,512,70
1062,32,0.0,155.314158176,"[0, 1, 1, 0, 1]",75,512,70
1063,64,0.0,155.62788846200002,"[0, 1, 1, 0, 1]",75,512,70
1064,128,0.0,156.015132669,"[0, 1, 1, 0, 1]",75,512,70
1065,256,0.0,156.547629631,"[0, 1, 1, 0, 1]",75,512,70
1066,512,0.0,157.355651793,"[0, 1, 1, 0, 1]",75,512,70
1067,0,3.0,157.607002247,"[0, 1, 0, 1, 0]",75,512,71
1068,1,3.0,157.609483395,"[0, 1, 0, 1, 0]",75,512,71
1069,2,3.0,157.867822847,"[0, 1, 0, 1, 0]",75,512,71
1070,4,3.0,158.136606404,"[0, 1, 0, 1, 0]",75,512,71
1071,8,2.0,158.40531308,"[1, 1, 0, 1, 0]",75,512,71
1072,16,0.0,158.672151921,"[1, 0, 0, 1, 0]",75,512,71
1073,32,0.0,158.958618859,"[1, 0, 0, 1, 0]",75,512,71
1074,64,0.0,159.281432563,"[1, 0, 0, 1, 0]",75,512,71
1075,128,0.0,159.668235505,"[1, 0, 0, 1, 0]",75,512,71
1076,256,0.0,160.193177139,"[1, 0, 0, 1, 0]",75,512,71
1077,512,0.0,161.00777916,"[1, 0, 0, 1, 0]",75,512,71
1078,0,3.0,161.25790536,"[1, 1, 0, 0, 0]",75,512,72
1079,1,3.0,161.260301569,"[1, 1, 0, 0, 0]",75,512,72
1080,2,3.0,161.513945019,"[1, 1, 0, 0, 0]",75,512,72
1081,4,3.0,161.771025095,"[1, 1, 0, 0, 0]",75,512,72
1082,8,0.0,162.038613876,"[1, 0, 0, 1, 0]",75,512,72
1083,16,0.0,162.318998105,"[1, 0, 0, 1, 0]",75,512,72
1084,32,0.0,162.615582515,"[1, 0, 0, 1, 0]",75,512,72
1085,64,0.0,162.959133808,"[1, 0, 0, 1, 0]",75,512,72
1086,128,0.0,163.38334849700001,"[1, 0, 0, 1, 0]",75,512,72
1087,256,0.0,163.921489599,"[1, 0, 0, 1, 0]",75,512,72
1088,512,0.0,164.767502903,"[1, 0, 0, 1, 0]",75,512,72
1089,0,4.0,165.027329365,"[0, 0, 1, 0, 0]",75,512,73
1090,1,2.0,165.029837625,"[0, 1, 1, 0, 0]",75,512,73
1091,2,2.0,165.285995683,"[0, 1, 1, 0, 0]",75,512,73
1092,4,2.0,165.547840625,"[0, 1, 1, 0, 0]",75,512,73
1093,8,0.0,165.812266808,"[0, 1, 1, 0, 1]",75,512,73
1094,16,0.0,166.089314531,"[0, 1, 1, 0, 1]",75,512,73
1095,32,0.0,166.380797878,"[0, 1, 1, 0, 1]",75,512,73
1096,64,0.0,166.710046152,"[0, 1, 1, 0, 1]",75,512,73
1097,128,0.0,167.113666378,"[0, 1, 1, 0, 1]",75,512,73
1098,256,0.0,167.65049464700002,"[0, 1, 1, 0, 1]",75,512,73
1099,512,0.0,168.494933946,"[0, 1, 1, 0, 1]",75,512,73
1100,0,3.0,168.755820436,"[1, 1, 0, 0, 0]",75,512,74
1101,1,3.0,168.75828814300002,"[1, 1, 0, 0, 0]",75,512,74
1102,2,3.0,169.020709419,"[1, 1, 0, 0, 0]",75,512,74
1103,4,3.0,169.291214454,"[1, 1, 0, 0, 0]",75,512,74
1104,8,2.0,169.559510469,"[1, 1, 0, 1, 0]",75,512,74
1105,16,0.0,169.850658293,"[1, 0, 0, 1, 0]",75,512,74
1106,32,0.0,170.144793424,"[1, 0, 0, 1, 0]",75,512,74
1107,64,0.0,170.480593836,"[1, 0, 0, 1, 0]",75,512,74
1108,128,0.0,170.886715298,"[1, 0, 0, 1, 0]",75,512,74
1109,256,0.0,171.438273447,"[1, 0, 0, 1, 0]",75,512,74
1110,512,0.0,172.274131293,"[1, 0, 0, 1, 0]",75,512,74
1111,0,4.0,172.53665063,"[1, 0, 1, 1, 1]",75,512,75
1112,1,2.0,172.539423023,"[1, 0, 1, 1, 0]",75,512,75
1113,2,2.0,172.803934899,"[1, 0, 1, 1, 0]",75,512,75
1114,4,2.0,173.071759882,"[1, 0, 1, 1, 0]",75,512,75
1115,8,0.0,173.342727865,"[1, 0, 0, 1, 0]",75,512,75
1116,16,0.0,173.618290632,"[1, 0, 0, 1, 0]",75,512,75
1117,32,0.0,173.91384549400001,"[1, 0, 0, 1, 0]",75,512,75
1118,64,0.0,174.249636394,"[1, 0, 0, 1, 0]",75,512,75
1119,128,0.0,174.661952823,"[1, 0, 0, 1, 0]",75,512,75
1120,256,0.0,175.22790172700002,"[1, 0, 0, 1, 0]",75,512,75
1121,512,0.0,176.096180929,"[1, 0, 0, 1, 0]",75,512,75
